Rk ,Player ,Age ,Pos ,Tm ,GP ,G ,A ,PTS  ,PM ,PIM ,PS ,EV ,PP ,SH ,GW ,EV ,PP2 ,SH2 ,S ,SP ,TOI ,ATOI ,BLK ,HIT ,FOW ,FOL ,FOP
1,Connor McDavid,21,C,EDM,81,41,65,106,19,26,12.9,35,5,1,7,48,14,3,270,15.2,1745,21:32,44,28,370,528,41.2
2,Nikita Kucherov,24,RW,TBL,79,39,61,100,16,42,11.7,31,8,0,7,33,28,0,279,14.0,1563,19:47,14,31,3,2,60.0
3,Claude Giroux,30,C,PHI,81,31,67,98,24,20,11.0,23,8,0,1,40,27,0,190,16.3,1654,20:25,23,29,634,448,58.6
4,Evgeni Malkin,31,C,PIT,78,42,56,98,16,87,12.4,28,14,0,7,32,24,0,239,17.6,1481,18:59,32,48,460,592,43.7
5,Nathan MacKinnon,22,C,COL,73,38,57,95,9,55,11.9,26,12,0,11,36,20,1,278,13.7,1449,19:51,20,38,476,663,41.8
6,Taylor Hall,26,LW,NJD,76,39,54,93,14,34,12.2,25,13,1,7,30,24,0,278,14.0,1455,19:09,44,72,72,76,48.6
7,Phil Kessel,30,RW,PIT,82,34,58,92,-4,36,10.1,22,12,0,6,28,30,0,261,13.0,1532,18:41,17,10,6,13,31.6
8,Anze Kopitar,30,C,LAK,81,35,57,92,23,20,11.1,28,7,0,6,35,20,2,195,17.9,1789,22:05,64,49,975,821,54.3
9,Blake Wheeler,31,RW,WPG,80,23,67,90,12,52,9.1,17,6,0,2,32,33,2,244,9.4,1623,20:17,65,93,166,196,45.9
10,Sidney Crosby,30,C,PIT,82,29,60,89,0,46,9.1,20,9,0,6,31,29,0,247,11.7,1697,20:41,36,75,1025,909,53.0
11,Steven Stamkos,27,C,TBL,78,27,59,86,18,72,9.3,12,15,0,1,41,18,0,212,12.7,1464,18:46,35,61,466,426,52.2
12,Brad Marchand,29,LW,BOS,66,34,51,85,27,63,11.1,25,8,1,8,33,15,3,177,19.2,1301,19:43,24,36,49,76,39.2
13,Alex Ovechkin,32,LW,WSH,81,47,38,85,2,32,10.8,30,17,0,6,24,14,0,347,13.5,1631,20:08,20,139,3,5,37.5
14,Jakub Voracek,28,RW,PHI,81,20,64,84,9,50,8.1,15,5,0,3,34,30,0,227,8.8,1578,19:29,32,23,15,19,44.1
15,Mathew Barzal,20,C,NYI,81,22,61,83,-1,30,7.9,17,5,0,4,40,21,0,170,12.9,1439,17:46,31,21,350,475,42.4
16,Mikko Rantanen,21,RW,COL,80,29,54,83,-1,34,9.2,17,12,0,3,32,22,0,175,16.6,1514,18:55,38,29,59,57,50.9
17,John Tavares,27,C,NYI,81,36,47,83,-11,26,8.7,22,12,2,2,28,18,1,252,14.3,1614,19:56,34,30,901,803,52.9
18,Johnny Gaudreau,24,LW,CGY,79,23,59,82,1,26,8.4,20,3,0,4,38,21,0,225,10.2,1539,19:29,18,16,1,4,20.0
19,Evgeny Kuznetsov,25,C,WSH,78,27,55,82,2,48,8.7,19,7,1,8,32,23,0,184,14.7,1467,18:48,25,50,439,561,43.9
20,Artemi Panarin,26,LW,CBJ,81,27,55,82,23,26,9.5,20,7,0,5,41,14,0,228,11.8,1631,20:08,19,15,0,7,0.0
21,Aleksander Barkov,22,C,FLA,79,27,51,78,9,14,8.1,17,5,5,3,39,12,0,256,10.5,1744,22:04,67,30,908,789,53.5
22,William Karlsson,25,C,VEG,81,43,35,78,49,12,11.8,31,8,4,6,26,8,1,184,23.4,1518,18:45,45,48,393,430,47.8
23,David Pastrnak,21,RW,BOS,80,33,45,78,12,35,9.5,22,11,0,5,32,13,0,236,14.0,1436,17:57,30,55,5,20,20.0
24,Tyler Seguin,26,C,DAL,81,40,37,77,9,43,10.0,25,14,1,6,25,11,1,335,11.9,1692,20:53,43,74,779,646,54.7
25,Jamie Benn,28,LW,DAL,81,33,43,76,17,54,9.6,23,9,1,6,29,13,1,238,13.9,1607,19:50,61,140,378,341,52.6
26,Patrick Kane,29,RW,CHI,81,27,48,75,-20,32,7.1,22,5,0,4,31,17,0,282,9.6,1638,20:13,13,18,7,11,38.9
27,Jon Marchessault,27,C,VEG,76,27,48,75,37,40,9.7,21,6,0,6,38,10,0,265,10.2,1333,17:33,26,98,262,341,43.4
28,Eric Staal,33,C,MIN,81,41,34,75,6,40,9.6,28,11,2,4,27,6,1,238,17.2,1445,17:51,48,42,563,536,51.2
29,Sean Couturier,25,C,PHI,81,31,43,74,30,31,8.7,24,7,0,6,37,6,0,226,13.7,1754,21:39,44,74,525,466,53.0
30,Vincent Trocheck,24,C,FLA,80,30,43,73,-9,52,7.3,14,13,3,4,29,13,1,281,10.7,1704,21:18,53,145,824,698,54.1
31,Josh Bailey,28,RW,NYI,75,18,52,70,-18,17,5.7,13,5,0,3,27,25,0,149,12.1,1339,17:51,33,12,11,39,22.0
32,Nicklas Backstrom,30,C,WSH,80,20,49,69,3,46,6.5,13,7,0,4,30,19,0,162,12.3,1573,19:40,50,37,693,662,51.1
33,Leon Draisaitl,22,C,EDM,77,24,45,69,-6,30,6.8,16,5,3,1,39,5,1,193,12.4,1488,19:20,24,39,659,521,55.8
34,Patrik Laine,19,RW,WPG,81,44,25,69,8,24,9.5,24,20,0,8,15,10,0,236,18.6,1334,16:28,43,72,11,32,25.6
35,Mitch Marner,20,C,TOR,81,22,47,69,-3,24,7.0,14,8,0,2,28,19,0,193,11.4,1327,16:23,25,31,50,45,52.6
36,Alexander Radulov,31,RW,DAL,81,27,42,69,0,72,7.5,20,7,0,4,26,16,0,214,12.6,1629,20:07,64,77,6,4,60.0
37,Jonathan Huberdeau,24,LW,FLA,80,26,42,68,-1,28,6.9,20,6,0,4,30,12,0,199,13.1,1537,19:13,39,40,21,21,50.0
38,Brayden Schenn,26,C,STL,81,27,41,68,13,56,7.8,19,8,0,8,31,10,0,203,13.3,1594,19:41,36,153,649,697,48.2
39,John Carlson,28,D,WSH,81,15,52,67,-4,32,9.5,11,4,0,4,24,28,0,235,6.4,2010,24:49,144,46,0,1,0.0
40,Rickard Rakell,24,C,ANA,76,33,34,67,5,14,8.0,25,8,0,3,25,9,0,226,14.6,1477,19:26,30,114,105,120,46.7
41,Mikael Granlund,25,RW,MIN,76,20,46,66,13,18,6.8,12,7,1,2,32,12,2,191,10.5,1430,18:49,44,47,66,56,54.1
42,John Klingberg,25,D,DAL,81,8,58,66,8,26,10.2,7,1,0,3,36,22,0,201,4.0,1951,24:05,107,44,0,0,
43,David Perron,29,LW,VEG,70,16,50,66,1,50,6.3,15,1,0,4,33,17,0,125,12.8,1247,17:49,20,118,96,142,40.3
44,Brayden Point,21,C,TBL,81,32,34,66,20,24,7.6,24,5,3,12,26,6,2,217,14.7,1591,19:39,57,24,553,609,47.6
45,Vladimir Tarasenko,26,RW,STL,79,33,33,66,15,17,8.4,27,6,0,5,23,10,0,305,10.8,1522,19:16,37,89,1,3,25.0
46,Sebastian Aho,20,RW,CAR,77,29,36,65,5,24,7.7,21,8,0,4,28,8,0,196,14.8,1379,17:54,17,65,76,89,46.1
47,Brent Burns,32,D,SJS,81,11,54,65,-18,46,8.6,6,5,0,2,31,22,1,328,3.4,2040,25:11,131,78,0,0,
48,Clayton Keller,19,LW,ARI,81,23,42,65,-7,24,6.7,17,6,0,3,27,14,1,207,11.1,1460,18:01,28,7,36,41,46.8
49,Joe Pavelski,33,C,SJS,81,21,44,65,1,41,6.3,14,7,0,1,28,16,0,219,9.6,1558,19:14,69,93,491,402,55.0
50,Shayne Gostisbehere,24,D,PHI,77,13,51,64,8,25,9.6,6,7,0,2,26,25,0,219,5.9,1653,21:28,114,53,0,0,
51,Yanni Gourde,26,C,TBL,81,25,39,64,34,50,7.8,17,7,1,5,32,6,1,136,18.4,1306,16:08,42,57,158,206,43.4
52,Sean Monahan,23,C,CGY,74,31,33,64,3,24,7.7,22,9,0,11,23,10,0,202,15.3,1382,18:41,17,35,709,698,50.4
53,Evgeni Dadonov,28,RW,FLA,72,27,36,63,8,8,7.2,21,6,0,6,29,7,0,184,14.7,1351,18:46,32,24,0,0,
54,Jack Eichel,21,C,BUF,66,25,38,63,-25,32,6.4,22,3,0,4,20,16,2,242,10.3,1330,20:09,35,52,343,483,41.5
55,Teuvo Teravainen,23,LW,CAR,81,23,40,63,8,14,7.0,18,5,0,3,25,15,0,182,12.6,1366,16:52,22,26,15,34,30.6
56,Victor Hedman,27,D,TBL,76,17,45,62,33,54,10.9,15,2,0,1,19,24,2,214,7.9,1962,25:49,108,136,1,1,50.0
57,Erik Karlsson,27,D,OTT,71,9,53,62,-25,36,7.2,6,3,0,2,37,15,1,196,4.6,1899,26:44,120,58,0,0,
58,Dylan Larkin,21,C,DET,81,15,47,62,-9,61,5.0,12,1,2,4,39,7,1,229,6.6,1607,19:50,42,76,646,646,50.0
59,Mark Stone,25,RW,OTT,58,20,42,62,9,10,6.8,18,1,1,3,31,10,1,132,15.2,1199,20:40,39,53,33,28,54.1
60,Jason Zucker,26,LW,MIN,81,31,31,62,8,44,7.4,23,7,1,6,21,9,1,217,14.3,1375,16:59,46,77,4,14,22.2
61,Viktor Arvidsson,24,LW,NSH,78,29,32,61,20,36,7.6,23,3,3,6,27,5,0,247,11.7,1384,17:45,52,30,11,22,33.3
62,Patrice Bergeron,32,C,BOS,62,30,31,61,23,26,8.2,18,10,2,6,21,9,1,214,14.0,1204,19:25,42,48,751,564,57.1
63,Dustin Brown,33,RW,LAK,80,28,33,61,33,58,7.9,18,9,1,6,27,6,0,220,12.7,1585,19:49,33,188,17,29,37.0
64,Logan Couture,28,C,SJS,77,34,27,61,1,18,7.4,22,10,2,4,15,11,1,202,16.8,1430,18:34,70,33,145,174,45.5
65,Filip Forsberg,23,LW,NSH,66,23,38,61,27,38,7.7,12,11,0,5,29,8,1,173,13.3,1154,17:29,37,86,4,5,44.4
66,Anders Lee,27,LW,NYI,81,39,22,61,-24,44,6.6,25,14,0,2,14,8,0,203,19.2,1397,17:15,38,101,11,4,73.3
67,Auston Matthews,20,C,TOR,61,33,28,61,25,10,8.8,29,4,0,5,20,8,0,185,17.8,1110,18:11,61,15,370,312,54.3
68,Drew Doughty,28,D,LAK,81,10,50,60,26,52,11.9,6,3,1,4,33,17,0,203,4.9,2176,26:52,127,126,0,1,0.0
69,Nikolaj Ehlers,21,LW,WPG,81,29,31,60,14,26,7.3,22,7,0,7,25,6,0,229,12.7,1305,16:07,26,39,4,4,50.0
70,Ryan Getzlaf,32,C,ANA,55,11,49,60,19,42,6.0,10,0,1,0,35,13,1,117,9.4,1180,21:27,57,94,403,433,48.2
71,William Nylander,21,C,TOR,81,20,40,60,21,10,6.7,15,5,0,8,34,6,0,184,10.9,1354,16:43,18,21,330,311,51.5
72,Ryan O'Reilly,26,C,BUF,80,23,37,60,-23,2,5.5,9,14,0,3,25,8,4,226,10.2,1662,20:47,48,42,1254,836,60.0
73,Mark Scheifele,24,C,WPG,59,23,37,60,19,18,7.0,13,8,2,3,28,8,1,121,19.0,1223,20:44,31,57,587,559,51.2
74,Reilly Smith,26,RW,VEG,66,22,38,60,32,22,7.7,14,7,1,4,30,7,1,162,13.6,1185,17:58,23,40,4,9,30.8
75,Jordan Eberle,27,RW,NYI,80,25,34,59,4,19,6.3,22,3,0,7,27,7,0,181,13.8,1282,16:01,30,46,12,20,37.5
76,Gabriel Landeskog,25,LW,COL,77,24,35,59,14,37,6.7,16,8,0,1,26,8,1,177,13.6,1549,20:07,50,139,207,200,50.9
77,P.K. Subban,28,D,NSH,81,16,43,59,18,82,10.5,11,5,0,2,22,20,1,205,7.8,1956,24:09,89,110,1,2,33.3
78,Matt Duchene,27,C,TOT,81,27,31,58,-21,18,5.5,18,9,0,3,27,4,0,189,14.3,1485,18:20,48,59,711,630,53.0
79,Torey Krug,26,D,BOS,74,14,44,58,2,36,8.8,8,5,1,4,26,18,0,191,7.3,1504,20:19,72,76,0,0,
80,Seth Jones,23,D,CBJ,78,16,41,57,10,30,10.0,9,7,0,4,24,17,0,249,6.4,1919,24:36,124,92,0,0,
81,J.T. Miller,24,LW,TOT,81,23,34,57,-4,40,5.8,12,11,0,5,27,7,0,138,16.7,1378,17:01,26,122,428,364,54.0
82,Jaden Schwartz,25,LW,STL,61,23,34,57,18,26,7.1,17,5,1,3,29,5,0,154,14.9,1182,19:23,30,50,30,43,41.1
83,Tyson Barrie,26,D,COL,67,13,43,56,-15,22,7.4,7,6,0,3,20,23,0,174,7.5,1523,22:44,79,40,0,0,
84,Kyle Connor,21,LW,WPG,75,30,26,56,8,16,6.8,23,7,0,6,22,4,0,189,15.9,1269,16:55,25,18,2,5,28.6
85,Mike Hoffman,28,LW,OTT,81,22,34,56,-19,30,4.8,14,8,0,5,21,13,0,255,8.6,1490,18:24,34,31,22,18,55.0
86,Derek Stepan,27,C,ARI,81,14,42,56,-7,26,4.7,9,3,2,2,27,15,0,207,6.8,1557,19:14,54,50,729,804,47.6
87,Thomas Vanek,34,LW,TOT,79,24,32,56,-2,36,6.5,20,4,0,1,21,11,0,164,14.6,1111,14:04,16,36,6,18,25.0
88,Brock Boeser,20,RW,VAN,62,29,26,55,-5,16,6.9,19,10,0,4,13,13,0,179,16.2,1085,17:30,24,29,10,29,25.6
89,Erik Haula,26,LW,VEG,75,29,26,55,-11,37,6.0,17,12,0,4,19,7,0,173,16.8,1305,17:24,42,85,488,470,50.9
90,Daniel Sedin,37,LW,VAN,80,23,32,55,-21,40,5.4,14,9,0,5,18,14,0,184,12.5,1218,15:14,2,38,18,22,45.0
91,Keith Yandle,31,D,FLA,80,8,47,55,6,35,8.6,7,1,0,1,28,17,2,177,4.5,1959,24:29,97,26,0,0,
92,Nazem Kadri,27,C,TOR,79,31,23,54,1,42,6.5,20,11,0,2,16,7,0,209,14.8,1324,16:46,26,93,534,542,49.6
93,Evander Kane,26,LW,TOT,77,29,25,54,-8,82,6.2,22,3,4,2,19,6,0,304,9.5,1505,19:33,34,159,119,150,44.2
94,James van Riemsdyk,28,LW,TOR,80,36,18,54,1,30,7.3,25,11,0,5,9,9,0,245,14.7,1189,14:52,23,40,0,1,0.0
95,Henrik Zetterberg,37,LW,DET,81,10,44,54,0,14,4.1,9,1,0,2,28,16,0,177,5.6,1582,19:32,34,48,662,699,48.6
96,Brendan Gallagher,25,RW,MTL,81,31,22,53,-11,34,6.5,22,8,1,4,14,8,0,273,11.4,1305,16:07,41,89,84,92,47.7
97,Ryan Johansen,25,C,NSH,78,15,38,53,14,78,5.0,14,1,0,3,23,13,2,127,11.8,1450,18:36,35,86,796,646,55.2
98,Roman Josi,27,D,NSH,74,14,39,53,23,24,9.9,7,7,0,3,25,13,1,252,5.6,1815,24:32,120,79,0,0,
99,Alex Pietrangelo,28,D,STL,77,15,38,53,9,22,9.8,12,3,0,5,28,9,1,214,7.0,1979,25:42,162,44,0,0,
100,Paul Stastny,32,C,TOT,81,16,37,53,1,18,4.7,13,3,0,3,30,6,1,157,10.2,1485,18:20,38,43,825,678,54.9
101,Mats Zuccarello,30,RW,NYR,79,16,37,53,-9,36,4.4,15,1,0,3,21,16,0,177,9.0,1496,18:56,67,61,21,58,26.6
102,Alex DeBrincat,20,RW,CHI,81,28,24,52,8,6,6.6,22,6,0,1,18,6,0,179,15.6,1200,14:49,24,40,25,31,44.6
103,Nick Schmaltz,21,LW,CHI,77,21,31,52,0,16,5.2,17,4,0,2,20,9,2,116,18.1,1403,18:13,38,13,314,475,39.8
104,Jonathan Toews,29,C,CHI,74,20,32,52,-1,47,5.0,18,2,0,2,22,10,0,211,9.5,1457,19:41,24,32,900,653,58.0
105,Alex Galchenyuk,23,LW,MTL,81,19,32,51,-30,22,4.2,10,9,0,2,17,15,0,210,9.0,1313,16:12,37,32,45,56,44.6
106,Nico Hischier,19,C,NJD,81,19,32,51,10,22,5.7,18,1,0,2,27,5,0,177,10.7,1323,16:20,37,56,417,554,42.9
107,Kris Letang,30,D,PIT,79,9,42,51,-9,56,7.1,5,4,0,1,25,16,1,222,4.1,2001,25:20,108,109,0,1,0.0
108,Morgan Rielly,23,D,TOR,75,6,45,51,-4,14,6.6,5,1,0,0,22,23,0,180,3.3,1624,21:39,82,48,0,2,0.0
109,Ryan Suter,33,D,MIN,78,6,45,51,-1,34,7.5,5,1,0,2,22,22,1,149,4.0,2089,26:47,138,78,0,0,
110,Jake Gardiner,27,D,TOR,81,5,45,50,8,32,7.5,4,1,0,0,32,13,0,131,3.8,1829,22:35,103,49,0,0,
111,Henrik Sedin,37,C,VAN,81,3,47,50,-22,30,2.7,3,0,0,0,30,17,0,64,4.7,1255,15:30,19,17,436,492,47.0
112,Craig Smith,28,RW,NSH,78,25,25,50,21,24,6.4,16,9,0,2,21,4,0,227,11.0,1198,15:21,35,60,39,52,42.9
113,Kyle Turris,28,C,TOT,75,16,34,50,19,26,5.3,9,7,0,0,21,13,0,144,11.1,1245,16:36,33,21,445,422,51.3
114,Mathew Dumba,23,D,MIN,81,14,35,49,14,41,9.2,12,2,0,4,24,10,1,174,8.0,1933,23:52,109,135,2,0,100.0
115,Patric Hornqvist,31,RW,PIT,70,29,20,49,2,58,6.0,14,15,0,1,13,7,0,247,11.7,1213,17:19,64,137,16,17,48.5
116,Tyler Johnson,27,C,TBL,80,21,28,49,4,22,4.5,15,4,2,3,19,9,0,186,11.3,1362,17:02,47,47,354,351,50.2
117,Sam Reinhart,22,C,BUF,81,24,25,49,-24,26,4.8,12,12,0,5,16,9,0,184,13.0,1383,17:05,40,48,56,84,40.0
118,Jeff Skinner,25,LW,CAR,81,24,25,49,-27,34,4.4,20,4,0,2,20,5,0,276,8.7,1354,16:43,24,35,26,33,44.1
119,Matthew Tkachuk,20,LW,CGY,68,24,25,49,-1,61,5.6,14,10,0,2,18,7,0,188,12.8,1173,17:15,16,80,7,10,41.2
120,Justin Williams,36,RW,CAR,81,15,34,49,-11,56,4.1,13,2,0,2,24,10,0,195,7.7,1343,16:35,41,79,52,64,44.8
121,Pierre-Luc Dubois,19,LW,CBJ,81,20,28,48,9,39,5.1,14,6,0,4,19,9,0,163,12.3,1347,16:38,44,125,457,575,44.3
122,Kevin Fiala,21,LW,NSH,79,23,25,48,20,26,6.0,19,4,0,4,16,9,0,183,12.6,1195,15:08,27,34,0,5,0.0
123,Jake Guentzel,23,C,PIT,82,22,26,48,-9,42,4.5,15,7,0,1,21,5,0,171,12.9,1352,16:29,46,142,65,65,50.0
124,Adam Henrique,27,C,TOT,80,23,25,48,10,20,5.4,17,5,1,7,16,7,2,147,15.6,1425,17:49,61,61,501,543,48.0
125,Vladislav Namestnikov,25,C,TOT,80,22,26,48,7,45,4.8,13,9,0,2,19,7,0,154,14.3,1371,17:08,44,76,284,333,46.0
126,Corey Perry,32,RW,ANA,70,17,31,48,-5,64,4.4,13,4,0,1,25,6,0,166,10.2,1245,17:48,35,59,2,14,12.5
127,Nick Bjugstad,25,C,FLA,80,18,29,47,3,37,4.7,17,1,0,1,23,6,0,227,7.9,1212,15:09,18,92,148,141,51.2
128,Alex Killorn,28,LW,TBL,81,15,32,47,22,45,4.5,13,2,0,1,25,7,0,152,9.9,1336,16:30,24,79,22,33,40.0
129,Travis Konecny,20,C,PHI,80,24,23,47,17,46,5.7,23,1,0,6,21,2,0,175,13.7,1191,14:53,52,97,7,14,33.3
130,Anthony Mantha,23,RW,DET,79,24,23,47,-1,50,5.1,15,9,0,2,20,3,0,184,13.0,1366,17:17,36,91,17,35,32.7
131,T.J. Oshie,31,RW,WSH,74,18,29,47,2,31,4.4,9,9,0,3,20,9,0,127,14.2,1362,18:25,54,124,101,110,47.9
132,Mika Zibanejad,24,C,NYR,71,27,20,47,-20,14,4.9,13,14,0,4,12,7,1,210,12.9,1275,17:58,61,92,645,625,50.8
133,Cam Atkinson,28,RW,CBJ,65,24,22,46,19,14,5.9,20,3,1,5,15,7,0,231,10.4,1229,18:54,29,32,21,44,32.3
134,Derick Brassard,30,C,TOT,72,21,25,46,0,34,4.7,16,5,0,3,24,1,0,197,10.7,1277,17:44,25,96,516,534,49.1
135,Tomas Hertl,24,C,SJS,78,22,24,46,-1,41,4.7,15,6,1,5,16,6,2,175,12.6,1413,18:07,68,82,581,561,50.9
136,Patrick Marleau,38,LW,TOR,81,26,20,46,0,16,5.0,21,5,0,5,16,4,0,199,13.1,1378,17:01,25,84,157,142,52.5
137,Ryan Nugent-Hopkins,24,C,EDM,61,23,23,46,9,20,5.6,17,4,2,2,18,4,1,149,15.4,1102,18:04,39,44,370,389,48.7
138,Wayne Simmonds,29,RW,PHI,74,24,22,46,-16,57,4.1,12,11,1,5,16,6,0,175,13.7,1341,18:07,52,125,11,9,55.0
139,Alex Steen,33,LW,STL,75,15,31,46,-10,20,3.7,10,4,1,2,21,10,0,165,9.1,1398,18:39,56,53,24,35,40.7
140,Tyler Toffoli,25,C,LAK,81,24,22,46,7,16,5.4,18,6,0,6,16,6,0,249,9.6,1304,16:06,16,74,9,16,36.0
141,Max Domi,22,LW,ARI,81,9,36,45,-7,73,3.3,8,1,0,0,28,8,0,147,6.1,1351,16:41,28,48,185,227,44.9
142,Jonathan Drouin,22,LW,MTL,76,13,32,45,-27,30,3.0,9,4,0,4,15,17,0,161,8.1,1338,17:36,27,55,444,594,42.8
143,Danton Heinen,22,C,BOS,75,15,30,45,8,16,4.6,12,2,1,3,20,10,0,128,11.7,1134,15:07,33,44,10,13,43.5
144,Mikko Koivu,34,C,MIN,81,14,31,45,8,46,3.7,11,3,0,2,19,11,1,170,8.2,1500,18:31,53,51,804,757,51.5
145,Jordan Staal,29,C,CAR,78,18,27,45,-6,26,3.9,12,4,2,2,19,8,0,157,11.5,1501,19:15,31,181,739,572,56.4
146,Mikael Backlund,28,C,CGY,81,14,30,44,-23,78,2.7,10,3,1,2,20,8,2,211,6.6,1543,19:03,40,53,699,701,49.9
147,Will Butcher,23,D,NJD,80,5,39,44,0,8,6.5,2,3,0,1,19,20,0,88,5.7,1283,16:02,62,21,0,0,
148,Dustin Byfuglien,32,D,WPG,68,7,37,44,13,112,7.3,4,3,0,1,18,18,1,188,3.7,1656,24:21,99,146,0,0,
149,Dougie Hamilton,24,D,CGY,81,17,27,44,1,64,8.5,11,6,0,4,21,6,0,269,6.3,1751,21:37,79,83,1,2,33.3
150,Kevin Hayes,25,RW,NYR,75,25,19,44,1,18,5.1,17,6,2,4,17,2,0,170,14.7,1306,17:25,36,40,547,548,50.0
151,Bo Horvat,22,C,VAN,63,22,22,44,-1,10,4.9,11,10,1,3,19,3,0,155,14.2,1219,19:21,29,35,702,604,53.8
152,James Neal,30,LW,VEG,70,25,19,44,-7,24,4.8,20,5,0,6,15,4,0,199,12.6,1204,17:12,29,44,0,2,0.0
153,Kyle Okposo,29,RW,BUF,75,15,29,44,-33,40,3.1,9,6,0,2,14,15,0,159,9.4,1279,17:03,34,70,23,27,46.0
154,Kyle Palmieri,26,RW,NJD,62,24,20,44,-1,30,5.4,13,11,0,5,8,12,0,181,13.3,1073,17:19,50,94,25,50,33.3
155,Pavel Buchnevich,22,RW,NYR,73,14,29,43,-3,20,4.1,9,5,0,4,17,12,0,135,10.4,1098,15:03,32,51,12,33,26.7
156,Jake Debrusk,21,LW,BOS,68,16,27,43,13,19,4.9,14,2,0,5,20,7,0,139,11.5,973,14:18,26,68,13,17,43.3
157,Alexander Kerfoot,23,C,COL,78,19,24,43,-7,28,4.5,14,5,0,0,12,12,0,80,23.8,1050,13:27,34,42,197,278,41.5
158,David Krejci,31,C,BOS,62,17,26,43,9,18,4.8,10,7,0,2,20,6,0,114,14.9,1047,16:53,35,31,486,458,51.5
159,Elias Lindholm,23,C,CAR,80,15,28,43,-8,18,3.4,9,6,0,3,24,3,1,147,10.2,1431,17:53,41,97,425,353,54.6
160,Bryan Little,30,C,WPG,81,16,27,43,2,28,3.6,14,2,0,2,17,10,0,128,12.5,1374,16:58,33,50,726,570,56.0
161,Tyler Bozak,31,C,TOR,80,11,31,42,6,28,3.5,8,3,0,2,22,9,0,152,7.2,1250,15:38,28,42,621,537,53.6
162,Oliver Ekman-Larsson,26,D,ARI,81,14,28,42,-27,44,6.1,8,6,0,3,19,9,0,198,7.1,1915,23:39,79,159,0,1,0.0
163,Nick Leddy,26,D,NYI,80,10,32,42,-42,20,2.8,6,4,0,1,22,10,0,153,6.5,1794,22:25,104,95,0,0,
164,Jake Muzzin,28,D,LAK,74,8,34,42,10,40,7.9,4,4,0,1,23,10,1,154,5.2,1602,21:39,123,170,0,0,
165,Colin Miller,25,D,VEG,81,10,31,41,-1,51,6.3,5,5,0,2,18,12,1,174,5.7,1568,19:21,63,165,1,0,100.0
166,Riley Nash,28,C,BOS,76,15,26,41,16,18,4.4,13,2,0,1,25,1,0,113,13.3,1171,15:25,67,86,459,490,48.4
167,Jeff Petry,30,D,MTL,81,11,30,41,-30,28,5.3,6,5,0,2,13,17,0,175,6.3,1905,23:31,137,167,0,1,0.0
168,Rasmus Ristolainen,23,D,BUF,72,6,35,41,-25,48,5.7,5,1,0,1,13,22,0,180,3.3,1910,26:32,109,206,1,0,100.0
169,Ryan Spooner,26,C,TOT,58,13,28,41,6,4,4.3,12,1,0,3,22,6,0,107,12.1,889,15:20,16,66,91,118,43.5
170,Oliver Bjorkstrand,22,RW,CBJ,81,11,29,40,5,9,3.5,8,3,0,2,23,6,0,161,6.8,1159,14:19,43,64,1,7,12.5
171,Micheal Ferland,25,LW,CGY,76,21,19,40,4,24,4.6,15,6,0,0,19,0,0,143,14.7,1145,15:04,29,171,22,35,38.6
172,Kevin Labanc,22,RW,SJS,76,11,29,40,-6,30,3.2,7,4,0,3,16,13,0,156,7.1,1090,14:21,23,31,5,11,31.3
173,Patrick Maroon,29,LW,TOT,73,16,24,40,0,71,3.7,15,1,0,4,18,6,0,139,11.5,1208,16:33,14,147,11,12,47.8
174,Tanner Pearson,25,LW,LAK,81,15,25,40,12,27,4.1,13,2,0,4,22,3,0,178,8.4,1291,15:56,35,115,35,36,49.3
175,Ivan Provorov,21,D,PHI,81,16,24,40,15,20,8.2,14,2,0,1,21,3,0,199,8.0,1959,24:11,168,148,0,0,
176,Mikhail Sergachev,19,D,TBL,79,9,31,40,11,38,6.0,6,3,0,5,18,13,0,141,6.4,1213,15:22,64,90,0,0,
177,Jakob Silfverberg,27,RW,ANA,76,17,23,40,5,18,3.7,14,2,1,2,16,6,1,186,9.1,1364,17:57,60,52,17,35,32.7
178,Chris Tierney,23,C,SJS,81,17,23,40,1,8,3.8,12,3,2,2,17,4,2,117,14.5,1298,16:02,45,26,485,464,51.1
179,Ryan Dzingel,25,LW,OTT,78,21,18,39,-17,35,3.4,17,4,0,2,14,4,0,133,15.8,1286,16:29,19,60,24,32,42.9
180,Zach Hyman,25,C,TOR,81,14,25,39,22,35,3.8,13,0,1,2,24,0,1,146,9.6,1407,17:23,52,116,70,95,42.4
181,Gustav Nyquist,28,RW,DET,81,21,18,39,-3,20,3.8,18,3,0,2,13,5,0,209,10.0,1449,17:53,36,65,6,7,46.2
182,Mathieu Perreault,30,C,WPG,69,17,22,39,4,38,4.1,11,6,0,2,13,8,1,134,12.7,997,14:27,25,120,33,26,55.9
183,Lars Eller,28,C,WSH,80,18,20,38,-5,38,3.4,15,3,0,2,17,3,0,161,11.2,1224,15:18,69,70,465,482,49.1
184,Mark Giordano,34,D,CGY,81,13,25,38,0,59,7.8,11,1,1,4,16,9,0,213,6.1,2013,24:51,158,93,0,0,
185,Ondrej Kase,22,RW,ANA,65,20,18,38,18,14,5.1,19,1,0,5,16,2,0,144,13.9,907,13:57,26,27,5,21,19.2
186,Bryan Rust,25,RW,PIT,69,13,25,38,11,26,3.7,9,2,2,3,22,2,1,123,10.6,1107,16:03,40,97,8,23,25.8
187,Derek Ryan,31,C,CAR,79,15,23,38,-15,28,3.0,12,3,0,1,19,4,0,133,11.3,1233,15:37,26,52,521,405,56.3
188,Christian Dvorak,21,C,ARI,78,15,22,37,-19,22,2.8,13,2,0,2,17,5,0,151,9.9,1282,16:26,48,92,585,554,51.4
189,Aaron Ekblad,21,D,FLA,80,16,21,37,8,69,7.7,11,5,0,4,16,5,0,185,8.6,1872,23:24,117,67,0,0,
190,Adrian Kempe,21,LW,LAK,80,16,21,37,12,49,4.2,15,1,0,3,17,4,0,118,13.6,1067,13:20,18,89,262,416,38.6
191,Chris Kreider,26,LW,NYR,57,16,21,37,1,44,4.1,9,7,0,0,16,5,0,137,11.7,892,15:38,24,101,25,35,41.7
192,Max Pacioretty,29,LW,MTL,64,17,20,37,-16,30,3.2,10,6,1,4,11,9,0,212,8.0,1217,19:01,27,118,7,13,35.0
193,Jared Spurgeon,28,D,MIN,61,9,28,37,-6,8,5.5,6,3,0,2,18,10,0,110,8.2,1497,24:33,127,64,0,1,0.0
194,Alex Tuch,21,RW,VEG,77,15,22,37,3,25,3.4,11,4,0,4,16,6,0,170,8.8,1173,15:14,42,98,69,92,42.9
195,Zach Werenski,20,D,CBJ,77,16,21,37,8,16,7.6,13,3,0,3,14,7,0,207,7.7,1738,22:35,92,58,0,0,
196,Anthony Beauvillier,20,LW,NYI,70,21,15,36,2,16,4.0,18,3,0,2,10,5,0,129,16.3,1018,14:33,28,78,70,93,42.9
197,Mikkel Boedker,28,LW,SJS,73,15,21,36,2,12,3.7,11,4,0,4,17,4,0,116,12.9,975,13:22,24,40,5,14,26.3
198,Charlie Coyle,25,C,MIN,65,11,25,36,5,18,3.1,10,0,1,1,22,3,0,116,9.5,1076,16:33,63,76,240,220,52.2
199,Michael Grabner,30,RW,TOT,79,27,9,36,13,16,5.2,25,0,2,3,7,1,1,167,16.2,1172,14:50,37,68,10,12,45.5
200,Josh Manson,26,D,ANA,79,7,29,36,33,62,8.4,7,0,0,2,28,0,1,116,6.0,1604,20:18,98,177,0,1,0.0
201,Tyler Myers,27,D,WPG,81,6,30,36,9,48,6.1,2,3,1,3,16,14,0,149,4.0,1737,21:26,118,68,0,0,
202,Nate Schmidt,26,D,VEG,76,5,31,36,19,16,6.9,4,1,0,1,21,10,0,103,4.9,1690,22:14,121,41,0,1,0.0
203,Joe Thornton,38,C,SJS,47,13,23,36,-9,38,3.3,6,7,0,1,12,11,0,75,17.3,862,18:21,18,32,229,211,52.0
204,Jesper Bratt,19,LW,NJD,73,13,22,35,-16,18,2.7,8,4,1,2,13,8,1,99,13.1,1114,15:16,22,44,7,4,63.6
205,Paul Byron,28,LW,MTL,81,20,15,35,-3,23,3.7,17,2,1,1,12,2,1,115,17.4,1304,16:06,54,136,40,68,37.0
206,Andrew Cogliano,30,LW,ANA,79,12,23,35,18,39,3.5,9,0,3,1,22,0,1,175,6.9,1203,15:13,31,80,35,36,49.3
207,Alex Goligoski,32,D,ARI,77,12,23,35,-30,24,4.8,9,3,0,3,15,8,0,116,10.3,1791,23:15,151,113,0,0,
208,Calle Jarnkrok,26,C,NSH,68,16,19,35,20,12,4.1,13,1,2,3,16,3,0,105,15.2,1080,15:53,31,36,266,253,51.3
209,Timo Meier,21,RW,SJS,80,20,15,35,4,51,3.9,17,3,0,4,14,1,0,207,9.7,1191,14:53,48,103,71,75,48.6
210,Brock Nelson,26,LW,NYI,81,19,16,35,-4,43,3.1,15,4,0,3,12,4,0,133,14.3,1188,14:40,50,49,383,408,48.4
211,Richard Panik,26,RW,TOT,71,14,21,35,7,38,3.7,10,4,0,0,19,2,0,134,10.4,1074,15:07,36,133,4,8,33.3
212,Colton Parayko,24,D,STL,81,6,29,35,-5,13,5.8,4,2,0,0,22,7,0,210,2.9,1835,22:39,141,120,0,0,
213,Brandon Saad,25,LW,CHI,81,18,17,35,-10,14,2.7,17,1,0,8,17,0,0,234,7.7,1420,17:32,31,29,53,60,46.9
214,Carl Soderberg,32,C,COL,76,16,19,35,-1,26,3.2,13,3,0,3,16,2,1,148,10.8,1321,17:23,64,69,420,507,45.3
215,Alexander Wennberg,23,C,CBJ,66,8,27,35,22,12,3.3,5,3,0,2,24,2,1,74,10.8,1197,18:08,46,28,350,424,45.2
216,Justin Abdelkader,30,LW,DET,74,12,22,34,-11,76,2.4,9,3,0,0,17,5,0,108,11.1,1228,16:36,40,173,47,50,48.5
217,Alexander Edler,31,D,VAN,69,6,28,34,-17,68,4.7,5,1,0,2,14,14,0,171,3.5,1674,24:16,201,153,1,1,50.0
218,Mattias Ekholm,27,D,NSH,80,10,24,34,25,46,7.7,4,5,1,1,16,8,0,135,7.4,1891,23:38,116,74,0,1,0.0
219,Mattias Janmark,25,C,DAL,80,19,15,34,-13,22,3.0,13,4,2,4,14,1,0,136,14.0,1357,16:58,40,14,71,109,39.4
220,Milan Lucic,29,LW,EDM,81,10,24,34,-12,80,1.8,7,3,0,1,20,4,0,145,6.9,1297,16:00,25,252,29,23,55.8
221,Rick Nash,33,LW/RW,TOT,71,21,13,34,-12,28,3.3,16,5,0,2,11,2,0,230,9.1,1211,17:03,42,51,4,15,21.1
222,Ondrej Palat,26,LW,TBL,55,10,24,34,17,6,3.3,5,4,1,0,19,5,0,107,9.3,937,17:02,48,78,6,23,20.7
223,Ryan Strome,24,RW,EDM,81,13,21,34,-3,31,2.6,11,2,0,3,16,4,1,147,8.8,1232,15:13,17,43,295,363,44.8
224,Tomas Tatar,27,LW,TOT,81,20,14,34,-15,34,2.8,11,9,0,4,10,4,0,172,11.6,1321,16:18,29,67,2,13,13.3
225,Tom Wilson,23,RW,WSH,77,14,20,34,9,187,3.2,13,0,1,1,19,1,0,122,11.5,1232,16:00,51,249,25,28,47.2
226,Andreas Athanasiou,23,LW,DET,70,16,17,33,-15,16,2.8,15,1,0,2,15,2,0,162,9.9,1072,15:18,28,24,105,149,41.3
227,Justin Braun,30,D,SJS,80,5,28,33,9,28,6.5,5,0,0,0,28,0,0,114,4.4,1709,21:22,148,141,0,0,
228,Kyle Brodziak,33,C,STL,80,10,23,33,13,33,3.3,9,0,1,2,21,0,2,112,8.9,1072,13:24,54,83,497,453,52.3
229,Blake Comeau,31,LW,COL,78,13,20,33,4,50,3.0,10,0,3,3,20,0,0,119,10.9,1239,15:53,37,142,100,162,38.2
230,Radek Faksa,24,C,DAL,78,17,16,33,22,36,4.3,15,0,2,3,16,0,0,118,14.4,1188,15:14,56,100,553,515,51.8
231,Jesper Fast,26,RW,NYR,71,13,20,33,-10,26,2.7,13,0,0,0,18,0,2,80,16.3,1057,14:53,44,130,14,24,36.8
232,Valtteri Filppula,33,C,PHI,80,11,22,33,-7,20,1.8,8,3,0,4,19,1,2,70,15.7,1318,16:29,55,25,483,454,51.5
233,Christian Fischer,20,RW,ARI,78,15,18,33,-16,14,2.8,10,5,0,3,15,3,0,152,9.9,1086,13:56,23,109,5,24,17.2
234,Nick Foligno,30,LW,CBJ,72,15,18,33,1,50,2.8,13,2,0,1,16,2,0,137,10.9,1321,18:21,60,182,340,401,45.9
235,Mike Green,32,D,DET,66,8,25,33,-14,38,4.8,7,1,0,0,13,12,0,132,6.1,1457,22:05,74,78,0,0,
236,Frans Nielsen,33,C,DET,78,16,17,33,1,14,3.1,10,4,2,3,13,3,1,132,12.1,1237,15:51,61,48,475,554,46.2
237,Jason Pominville,35,RW,BUF,81,15,18,33,-18,8,2.7,10,5,0,1,16,2,0,165,9.1,1206,14:53,34,38,33,24,57.9
238,Bobby Ryan,30,RW,OTT,61,11,22,33,-12,14,2.4,10,1,0,1,19,3,0,107,10.3,1000,16:23,51,95,12,10,54.5
239,T.J. Brodie,27,D,CGY,73,4,28,32,-16,18,4.6,3,1,0,0,18,10,0,118,3.4,1729,23:41,99,24,0,0,
240,Joonas Donskoi,25,RW,SJS,65,14,18,32,9,26,3.5,13,1,0,2,14,4,0,129,10.9,972,14:57,27,27,5,7,41.7
241,Ryan Ellis,27,D,NSH,43,9,23,32,25,6,6.9,7,2,0,2,17,3,3,110,8.2,1008,23:26,83,26,0,0,
242,Cam Fowler,26,D,ANA,67,8,24,32,3,28,5.8,6,1,1,1,14,9,1,122,6.6,1665,24:51,108,21,1,1,50.0
243,Boone Jenner,24,C,CBJ,74,13,19,32,1,39,2.6,11,2,0,2,18,1,0,182,7.1,1217,16:27,83,202,263,210,55.6
244,Duncan Keith,34,D,CHI,81,2,30,32,-28,28,3.3,0,2,0,1,22,8,0,187,1.1,1933,23:52,159,41,0,0,
245,Charlie McAvoy,20,D,BOS,61,7,25,32,22,51,6.8,5,2,0,2,20,5,0,75,9.3,1347,22:05,78,127,0,0,
246,Brandon Montour,23,D,ANA,79,9,23,32,16,42,6.9,3,5,1,5,15,7,1,159,5.7,1615,20:26,81,94,0,0,
247,Riley Sheahan,26,C,TOT,81,11,21,32,4,8,2.5,10,1,0,1,19,1,1,109,10.1,1188,14:40,50,52,560,473,54.2
248,Sami Vatanen,26,D,TOT,72,4,28,32,-7,40,4.8,3,1,0,0,15,12,1,145,2.8,1613,22:24,105,92,0,0,
249,Marc-Edouard Vlasic,30,D,SJS,80,11,21,32,10,34,7.2,10,1,0,2,18,2,1,158,7.0,1806,22:34,172,24,0,1,0.0
250,Artem Anisimov,29,C,CHI,71,20,11,31,-16,22,2.7,8,11,1,6,10,1,0,130,15.4,1193,16:48,40,15,414,487,45.9
251,David Backes,33,RW,BOS,55,12,19,31,1,51,3.0,10,2,0,1,14,4,1,152,7.9,845,15:22,24,136,122,113,51.9
252,Justin Faulk,25,D,CAR,76,8,23,31,-26,48,4.0,5,3,0,3,7,16,0,211,3.8,1692,22:16,90,128,0,0,
253,Sam Gagner,28,C,VAN,73,10,21,31,-18,31,1.9,7,3,0,2,13,8,0,160,6.3,1101,15:05,28,54,217,240,47.5
254,Carl Hagelin,29,LW,PIT,81,10,21,31,8,28,2.2,9,0,1,2,20,0,1,169,5.9,1291,15:57,36,112,21,28,42.9
255,Noah Hanifin,21,D,CAR,78,10,21,31,-20,21,4.4,9,1,0,3,15,6,0,164,6.1,1470,18:51,69,80,0,0,
256,Ryan Hartman,23,RW/LW,TOT,77,11,20,31,2,72,2.7,10,1,0,2,19,1,0,129,8.5,1006,13:04,38,112,93,110,45.8
257,Darren Helm,31,LW,DET,74,13,18,31,2,39,2.8,11,0,2,0,16,0,2,141,9.2,1151,15:33,36,131,45,57,44.1
258,Dmitry Orlov,26,D,WSH,81,10,21,31,10,22,6.3,10,0,0,2,17,4,0,124,8.1,1873,23:07,115,127,0,0,
259,Victor Rask,24,C,CAR,71,14,17,31,0,12,2.9,10,4,0,3,10,7,0,126,11.1,1092,15:23,29,62,393,323,54.9
260,Devin Shore,23,C,DAL,81,10,21,31,-30,14,1.2,7,2,1,1,11,9,1,119,8.4,1252,15:28,57,71,84,98,46.2
261,Vladimir Sobotka,30,LW,STL,80,11,20,31,-6,48,2.0,10,0,1,4,17,3,0,133,8.3,1369,17:06,44,124,183,155,54.1
262,Charles Hudon,23,LW,MTL,72,10,20,30,-12,38,2.2,7,3,0,1,14,5,1,179,5.6,1010,14:02,38,126,88,131,40.2
263,Hampus Lindholm,24,D,ANA,68,12,18,30,14,34,6.7,9,3,0,3,13,5,0,129,9.3,1546,22:44,95,93,0,0,
264,Brock McGinn,23,LW,CAR,80,16,14,30,-12,22,2.5,13,2,1,1,13,1,0,159,10.1,1160,14:30,17,137,17,20,45.9
265,Nino Niederreiter,25,RW,MIN,62,18,12,30,13,36,3.8,11,7,0,4,11,1,0,133,13.5,931,15:01,20,58,15,17,46.9
266,Nolan Patrick,19,C,PHI,72,13,17,30,1,30,2.6,8,5,0,2,14,3,0,120,10.8,985,13:41,19,48,372,359,50.9
267,Brendan Perlini,21,LW,ARI,73,17,13,30,-1,28,3.3,12,5,0,1,7,6,0,129,13.2,1061,14:32,34,82,5,6,45.5
268,Ryan Pulock,23,D,NYI,67,9,21,30,-6,14,4.0,5,4,0,0,15,6,0,181,5.0,1225,18:17,86,112,0,0,
269,Conor Sheary,25,LW,PIT,79,18,12,30,2,10,3.1,16,2,0,4,11,1,0,142,12.7,1102,13:57,31,29,4,7,36.4
270,Jaccob Slavin,23,D,CAR,81,8,22,30,1,10,6.1,7,1,0,1,21,1,0,151,5.3,1830,22:36,154,45,0,0,
271,Miles Wood,22,LW,NJD,75,18,12,30,-7,84,3.3,15,3,0,2,12,0,0,165,10.9,934,12:27,22,74,2,1,66.7
272,Josh Anderson,23,RW,CBJ,62,18,11,29,-1,40,2.9,17,1,0,5,8,3,0,186,9.7,1122,18:05,23,109,26,35,42.6
273,Sven Baertschi,25,LW,VAN,53,14,15,29,3,20,3.3,7,7,0,2,13,2,0,82,17.1,827,15:36,29,19,1,6,14.3
274,Mike Cammalleri,35,LW,TOT,65,7,22,29,-3,18,2.1,4,3,0,0,21,1,0,124,5.6,895,13:46,32,43,66,63,51.2
275,Olli Maatta,23,D,PIT,82,7,22,29,-1,28,4.8,7,0,0,3,14,8,0,164,4.3,1538,18:45,115,131,0,0,
276,Ryan McDonagh,28,D,TOT,62,4,25,29,8,20,5.2,3,1,0,0,16,8,1,96,4.2,1446,23:19,161,71,0,0,
277,Matt Niskanen,31,D,WSH,67,7,22,29,24,34,6.6,7,0,0,1,21,0,1,118,5.9,1516,22:38,97,116,0,0,
278,Jean-Gabriel Pageau,25,C,OTT,77,14,15,29,-13,36,1.8,12,1,1,2,14,1,0,144,9.7,1287,16:43,69,129,571,546,51.1
279,Shea Theodore,22,D,VEG,60,6,23,29,7,14,5.0,5,1,0,1,15,8,0,140,4.3,1221,20:21,69,29,0,0,
280,Joel Armia,24,RW,WPG,78,12,16,28,3,22,2.4,11,0,1,2,12,4,0,127,9.4,982,12:35,39,85,7,8,46.7
281,Connor Brown,24,RW,TOR,81,14,14,28,0,18,2.2,12,1,1,2,13,1,0,116,12.1,1215,15:00,27,22,58,93,38.4
282,David Desharnais,31,C,NYR,71,6,22,28,-22,18,1.2,4,2,0,0,17,5,0,55,10.9,927,13:03,36,22,386,315,55.1
283,Chris Kunitz,38,LW,TBL,81,13,15,28,7,35,2.5,12,0,1,2,14,1,0,81,16.0,967,11:56,29,130,7,12,36.8
284,Andrew Ladd,32,LW,NYI,72,11,17,28,10,24,2.2,10,0,1,2,15,1,1,111,9.9,1148,15:57,39,76,1,9,10.0
285,Jamie McGinn,29,LW,FLA,74,13,15,28,-7,33,2.2,9,4,0,0,13,2,0,115,11.3,994,13:26,22,119,7,18,28.0
286,Jimmy Vesey,24,LW,NYR,78,17,11,28,-18,20,2.2,16,1,0,4,9,2,0,135,12.6,1116,14:19,34,83,15,17,46.9
287,Mike Matheson,23,D,FLA,79,10,17,27,-2,61,5.1,9,1,0,2,13,3,1,163,6.1,1684,21:19,131,53,0,0,
288,Stefan Noesen,24,RW,NJD,71,13,14,27,13,36,3.2,13,0,0,4,14,0,0,125,10.4,943,13:17,41,112,20,35,36.4
289,Tyler Pitlick,26,C,DAL,79,14,13,27,11,34,3.1,14,0,0,2,12,0,1,128,10.9,1078,13:38,56,121,13,33,28.3
290,Nick Ritchie,22,LW,ANA,75,10,17,27,3,70,2.2,9,1,0,2,15,2,0,121,8.3,991,13:13,27,221,6,11,35.3
291,Justin Schultz,27,D,PIT,63,4,23,27,22,14,5.9,4,0,0,1,13,10,0,109,3.7,1229,19:31,93,36,0,0,
292,Colton Sissons,24,C,NSH,80,9,18,27,3,42,1.5,8,1,0,4,9,6,3,119,7.6,1286,16:05,49,134,511,414,55.2
293,Jakub Vrana,21,LW,WSH,72,13,14,27,3,12,2.7,12,1,0,2,12,2,0,132,9.8,901,12:31,16,31,12,12,50.0
294,Sam Bennett,21,C,CGY,81,11,15,26,-19,59,1.3,10,1,0,1,13,2,0,155,7.1,1165,14:23,33,139,116,95,55.0
295,Brett Connolly,25,RW,WSH,69,15,11,26,-8,30,2.5,11,4,0,2,10,1,0,67,22.4,823,11:55,24,71,14,17,45.2
296,Andrew Copp,23,C,WPG,81,7,19,26,15,14,2.0,6,0,1,0,18,0,1,92,7.6,1110,13:42,51,99,294,274,51.8
297,Cody Eakin,26,C,VEG,79,10,16,26,-6,22,1.5,9,0,1,2,14,0,2,105,9.5,1145,14:29,44,63,472,436,52.0
298,Brian Gibbons,29,LW,NJD,58,12,14,26,11,20,3.1,9,0,3,3,12,0,2,71,16.9,832,14:21,56,34,22,29,43.1
299,Niklas Kronwall,37,D,DET,78,4,22,26,-14,36,3.6,2,2,0,0,10,12,0,76,5.3,1444,18:31,106,80,0,0,
300,Trevor Lewis,31,C,LAK,67,14,12,26,-5,25,2.3,11,1,2,3,10,2,0,129,10.9,1023,15:16,32,125,46,60,43.4
301,Esa Lindell,23,D,DAL,79,7,19,26,17,24,6.4,5,2,0,0,13,6,0,137,5.1,1744,22:04,121,91,0,0,
302,Josh Morrissey,22,D,WPG,80,7,19,26,14,45,5.5,7,0,0,0,18,1,0,101,6.9,1639,20:30,166,138,1,1,50.0
303,Dion Phaneuf,32,D,TOT,78,6,20,26,-14,49,3.8,2,4,0,0,13,7,0,132,4.5,1559,19:59,153,161,0,0,
304,Tomas Plekanec,35,C,TOT,76,6,20,26,1,45,1.6,6,0,0,1,20,0,0,143,4.2,1154,15:11,40,60,654,574,53.3
305,Jason Spezza,34,C,DAL,77,8,18,26,-12,12,1.5,4,4,0,3,11,7,0,137,5.8,1004,13:02,25,15,408,328,55.4
306,Travis Zajac,32,C,NJD,63,12,14,26,-8,25,1.9,9,2,1,0,9,4,1,91,13.2,1128,17:54,38,64,557,537,50.9
307,Patrik Berglund,29,C,STL,56,17,8,25,-4,30,2.8,13,3,1,4,5,3,0,110,15.5,902,16:07,34,109,172,139,55.3
308,Nick Bonino,29,C,NSH,70,12,13,25,5,20,2.0,12,0,0,0,13,0,0,83,14.5,1097,15:41,71,18,524,441,54.3
309,Thomas Chabot,21,D,OTT,62,9,16,25,-9,14,3.9,9,0,0,0,8,8,0,91,9.9,1081,17:26,62,43,0,0,
310,Blake Coleman,26,C,NJD,78,13,12,25,8,50,2.5,10,0,3,2,12,0,0,145,9.0,1120,14:22,57,215,249,274,47.6
311,Phillip Danault,24,LW,MTL,52,8,17,25,0,34,2.2,7,0,1,2,15,2,0,94,8.5,863,16:35,38,59,380,340,52.8
312,Martin Frk,24,RW,DET,67,11,14,25,-12,14,2.2,6,5,0,0,10,4,0,99,11.1,687,10:16,10,77,0,2,0.0
313,Michael Frolik,29,RW,CGY,69,10,15,25,-19,26,1.1,8,0,2,1,15,0,0,166,6.0,1170,16:57,35,48,33,39,45.8
314,Vinnie Hinostroza,23,LW,CHI,49,7,18,25,5,10,2.4,6,1,0,1,14,4,0,85,8.2,678,13:50,17,26,39,50,43.8
315,Alex Iafallo,24,C,LAK,75,9,16,25,10,12,2.1,9,0,0,1,14,2,0,129,7.0,1133,15:06,33,53,14,16,46.7
316,Erik Johnson,29,D,COL,62,9,16,25,3,58,5.2,9,0,0,3,12,3,1,168,5.4,1577,25:26,135,114,0,1,0.0
317,Jared McCann,21,C,FLA,66,9,16,25,7,30,2.3,8,1,0,4,15,0,1,139,6.5,870,13:11,29,43,209,327,39.0
318,Matthew Nieto,25,LW,COL,73,14,11,25,5,14,2.5,13,0,1,1,11,0,0,83,16.9,1087,14:54,55,27,4,9,30.8
319,Darnell Nurse,22,D,EDM,81,6,19,25,16,67,5.7,6,0,0,2,19,0,0,188,3.2,1797,22:11,149,161,0,0,
320,Tobias Rieder,25,RW,TOT,77,12,13,25,-12,6,1.7,10,2,0,0,12,1,0,112,10.7,1127,14:38,41,95,22,24,47.8
321,Brent Seabrook,32,D,CHI,80,6,19,25,-2,38,4.7,4,2,0,0,13,6,0,134,4.5,1614,20:11,165,85,0,2,0.0
322,Brady Skjei,23,D,NYR,81,4,21,25,-25,39,2.8,3,0,1,1,15,6,0,152,2.6,1706,21:03,116,126,0,0,
323,Brandon Sutter,28,C,VAN,60,11,14,25,8,8,2.5,11,0,0,1,10,0,4,106,10.4,1039,17:19,32,54,560,522,51.8
324,Tyler Bertuzzi,22,LW,DET,47,7,17,24,-8,39,1.8,6,1,0,1,16,1,0,81,8.6,676,14:23,38,51,1,7,12.5
325,Andre Burakovsky,22,LW,WSH,55,11,13,24,1,27,2.3,9,2,0,5,11,2,0,83,13.3,758,13:47,26,38,18,15,54.5
326,Matt Calvert,28,LW,CBJ,68,9,15,24,-9,33,1.5,6,1,2,0,15,0,0,105,8.6,908,13:21,34,59,15,29,34.1
327,Vince Dunn,21,D,STL,74,5,19,24,3,18,4.6,3,2,0,1,12,7,0,135,3.7,1272,17:11,58,29,1,0,100.0
328,Derek Grant,27,C,ANA,65,12,12,24,3,11,2.6,9,3,0,0,11,0,1,65,18.5,723,11:07,39,63,312,276,53.1
329,Dan Hamhuis,35,D,DAL,79,3,21,24,-4,33,4.0,3,0,0,1,19,2,0,66,4.5,1598,20:14,112,81,0,1,0.0
330,Thomas Hickey,28,D,NYI,68,5,19,24,19,24,4.9,5,0,0,0,19,0,0,86,5.8,1230,18:05,107,75,0,0,
331,Zach Parise,33,LW,MIN,42,15,9,24,0,14,2.7,13,2,0,4,8,1,0,119,12.6,717,17:05,37,26,5,7,41.7
332,Evan Rodrigues,24,LW,BUF,47,7,17,24,-11,14,1.9,6,1,0,0,12,5,0,87,8.0,653,13:54,22,19,156,207,43.0
333,Jacob Trouba,23,D,WPG,55,3,21,24,9,34,4.3,3,0,0,2,17,3,1,144,2.1,1204,21:54,100,84,0,0,
334,Brian Boyle,33,C,NJD,68,13,10,23,-8,45,2.0,8,5,0,2,8,2,0,117,11.1,906,13:19,26,126,415,406,50.5
335,Zdeno Chara,40,D,BOS,71,7,16,23,22,58,6.2,7,0,0,3,15,0,1,140,5.0,1626,22:54,118,139,0,0,
336,J.T. Compher,22,LW,COL,68,13,10,23,-29,20,0.9,7,4,2,3,7,3,0,131,9.9,1096,16:07,64,44,269,330,44.9
337,Anthony Duclair,22,LW,TOT,56,11,12,23,-5,16,2.2,8,3,0,2,12,0,0,97,11.3,744,13:17,26,46,1,1,50.0
338,Deryk Engelland,35,D,VEG,78,5,18,23,7,24,4.6,5,0,0,0,18,0,0,107,4.7,1581,20:16,145,124,0,0,
339,Loui Eriksson,32,LW,VAN,50,10,13,23,0,4,2.2,9,0,1,0,9,3,1,101,9.9,813,16:16,30,7,6,8,42.9
340,Marcus Foligno,26,LW,MIN,76,8,15,23,3,72,1.9,7,1,0,2,14,1,0,78,10.3,824,10:50,42,184,9,10,47.4
341,Ron Hainsey,36,D,TOR,79,4,19,23,10,20,4.6,3,1,0,2,17,0,2,73,5.5,1727,21:52,167,91,0,0,
342,Scott Hartnell,35,LW,NSH,61,13,10,23,-2,82,2.3,11,2,0,2,8,2,0,82,15.9,731,11:59,25,81,3,12,20.0
343,Alec Martinez,30,D,LAK,76,7,16,23,3,34,5.4,5,2,0,0,6,9,1,109,6.4,1738,22:52,205,100,0,1,0.0
344,Markus Nutivaara,23,D,CBJ,61,7,16,23,13,14,4.9,6,1,0,1,15,1,0,79,8.9,978,16:02,40,42,0,0,
345,Damon Severson,23,D,NJD,75,9,14,23,-7,42,4.3,9,0,0,2,10,4,0,121,7.4,1474,19:39,61,106,0,0,
346,Kevin Shattenkirk,29,D,NYR,46,5,18,23,-14,44,2.7,3,2,0,1,8,10,0,94,5.3,933,20:16,65,44,0,0,
347,Daniel Winnik,32,LW,MIN,80,6,17,23,6,27,1.3,6,0,0,0,16,1,0,82,7.3,1085,13:33,52,27,89,110,44.7
348,Pavel Zacha,20,C,NJD,68,8,15,23,-3,30,1.6,5,2,1,0,12,3,0,110,7.3,974,14:19,21,70,309,400,43.6
349,Sven Andrighetto,24,RW,COL,49,8,14,22,-15,10,1.4,5,3,0,2,8,6,0,109,7.3,712,14:32,18,37,6,15,28.6
350,Jay Beagle,32,RW,WSH,79,7,15,22,3,16,1.4,6,0,1,2,15,0,0,65,10.8,983,12:27,44,69,584,414,58.5
351,Brenden Dillon,27,D,SJS,80,5,17,22,-4,60,4.0,5,0,0,0,17,0,0,88,5.7,1386,17:20,105,195,0,0,
352,Samuel Girard,19,D,TOT,72,3,19,22,-13,8,2.7,2,1,0,0,7,12,0,82,3.7,1268,17:37,68,45,0,0,
353,Tyson Jost,19,C,COL,64,12,10,22,-10,24,1.7,7,5,0,1,7,3,0,110,10.9,935,14:37,26,32,84,145,36.7
354,Mark Letestu,32,C,TOT,79,9,13,22,-18,10,0.7,4,3,2,1,9,3,1,111,8.1,1013,12:49,32,62,470,402,53.9
355,Sonny Milano,21,LW,CBJ,54,14,8,22,-7,10,2.4,14,0,0,3,4,4,0,69,20.3,627,11:36,11,28,0,0,
356,Derrick Pouliot,24,D,VAN,70,3,19,22,-23,39,2.2,2,1,0,3,10,8,1,76,3.9,1247,17:49,116,77,0,0,
357,Tom Pyatt,30,LW,OTT,80,7,15,22,-11,10,0.7,6,0,1,2,14,0,1,102,6.9,1126,14:05,92,54,17,33,34.0
358,Marco Scandella,27,D,BUF,81,5,17,22,-15,37,4.4,5,0,0,1,12,4,1,136,3.7,1892,23:21,113,88,0,0,
359,Colton Sceviour,28,RW,FLA,74,10,12,22,5,24,1.8,9,0,1,2,10,0,2,135,7.4,985,13:19,67,83,75,78,49.0
360,Matt Benning,23,D,EDM,72,6,15,21,5,49,4.0,6,0,0,2,12,2,1,110,5.5,1247,17:20,80,149,0,0,
361,Jeff Carter,33,C,LAK,26,13,8,21,3,2,2.9,6,6,1,2,5,3,0,82,15.9,462,17:45,11,26,213,169,55.8
362,Kevin Connauton,27,D,ARI,73,11,10,21,3,20,5.0,11,0,0,3,10,0,0,102,10.8,1108,15:11,72,116,0,0,
363,Matt Cullen,41,C,MIN,78,10,11,21,-3,20,1.4,10,0,0,1,10,1,0,102,9.8,926,11:52,42,14,352,345,50.5
364,Michael Del Zotto,27,D,VAN,81,6,15,21,-10,48,3.9,6,0,0,0,10,5,0,125,4.8,1683,20:47,127,243,0,0,
365,Marian Gaborik,35,RW,TOT,46,11,10,21,2,24,2.3,8,3,0,0,7,3,0,80,13.8,643,13:58,9,12,0,0,
366,Mark Jankowski,23,C,CGY,71,13,8,21,-10,33,1.7,11,1,1,2,7,1,0,110,11.8,946,13:19,51,35,388,410,48.6
367,Jujhar Khaira,23,LW,EDM,68,11,10,21,-6,47,1.6,10,0,1,2,8,1,1,71,15.5,863,12:42,39,125,173,209,45.3
368,Oscar Klefbom,24,D,EDM,66,5,16,21,-12,18,2.8,3,1,1,1,11,5,0,203,2.5,1508,22:51,136,49,0,0,
369,Artturi Lehkonen,22,LW,MTL,65,12,9,21,-10,18,1.5,8,3,1,3,8,1,0,163,7.4,1072,16:29,22,69,11,19,36.7
370,Brendan Leipsic,23,LW,TOT,57,5,16,21,-4,14,1.3,5,0,0,1,16,0,0,94,5.3,747,13:06,21,32,8,6,57.1
371,Andrew MacDonald,31,D,PHI,65,6,15,21,7,30,4.2,6,0,0,2,14,0,1,81,7.4,1289,19:50,129,36,0,0,
372,Denis Malgin,21,C,FLA,50,11,10,21,3,6,2.2,10,1,0,3,5,5,0,79,13.9,696,13:55,22,47,46,67,40.7
373,Kris Russell,30,D,EDM,77,4,17,21,-7,8,3.0,4,0,0,0,15,2,0,88,4.5,1467,19:03,222,97,0,0,
374,Tim Schaller,27,C,BOS,80,12,9,21,-4,42,1.5,9,0,3,0,9,0,0,130,9.2,1062,13:17,58,131,75,84,47.2
375,Patrick Sharp,36,LW,CHI,69,10,11,21,-15,14,1.2,10,0,0,1,7,4,0,137,7.3,886,12:50,25,46,51,41,55.4
376,Jordan Weal,25,C,PHI,69,8,13,21,-10,12,1.0,5,3,0,1,13,0,0,102,7.8,894,12:57,25,17,53,63,45.7
377,Jonas Brodin,24,D,MIN,72,5,15,20,22,30,5.6,5,0,0,1,12,3,0,76,6.6,1555,21:36,136,33,0,0,
378,Troy Brouwer,32,RW,CGY,75,6,14,20,-8,53,0.8,6,0,0,0,9,4,1,76,7.9,1042,13:54,41,123,100,114,46.7
379,Drake Caggiula,23,LW,EDM,66,13,7,20,-12,33,1.4,9,3,1,1,7,0,0,102,12.7,892,13:31,33,146,11,40,21.6
380,Ian Cole,28,D,TOT,66,5,15,20,15,70,4.7,5,0,0,0,14,1,0,82,6.1,1171,17:44,115,94,0,0,
381,Jason Demers,29,D,ARI,69,6,14,20,-4,37,4.2,6,0,0,2,11,3,0,95,6.3,1458,21:08,79,66,0,0,
382,Tyler Ennis,28,LW,MIN,72,8,12,20,-3,10,1.2,6,2,0,3,11,1,0,114,7.0,861,11:58,32,50,3,9,25.0
383,Scott Laughton,23,C,PHI,80,10,10,20,-10,42,1.1,9,0,1,0,10,0,0,106,9.4,888,11:06,27,123,314,290,52.0
384,Adam Lowry,24,C,WPG,44,8,12,20,8,8,2.0,7,1,0,1,11,1,0,69,11.6,657,14:55,28,124,365,291,55.6
385,Jesse Puljujarvi,19,RW,EDM,64,12,8,20,0,14,1.8,10,2,0,2,8,0,0,136,8.8,857,13:23,23,67,0,3,0.0
386,Michael Raffl,29,LW,PHI,75,12,8,20,5,28,1.7,11,1,0,3,8,0,0,90,13.3,993,13:14,49,89,39,27,59.1
387,Jan Rutta,27,D,CHI,56,6,14,20,-1,22,3.7,4,2,0,1,11,2,1,69,8.7,1079,19:17,62,24,0,0,
388,Andrew Shaw,26,RW,MTL,51,10,10,20,-8,53,1.6,5,5,0,0,8,2,0,94,10.6,806,15:49,26,80,177,149,54.3
389,Jake Virtanen,21,RW,VAN,74,10,10,20,-11,46,1.3,10,0,0,1,10,0,0,127,7.9,884,11:57,28,155,7,15,31.8
390,Nikita Zadorov,22,D,COL,76,7,13,20,4,103,4.4,7,0,0,1,12,1,0,93,7.5,1477,19:26,102,276,0,0,
391,Cody Ceci,24,D,OTT,81,5,14,19,-28,12,2.1,5,0,0,1,9,5,0,142,3.5,1888,23:19,170,161,0,0,
392,Nick Cousins,24,C,ARI,70,12,7,19,-5,31,1.7,11,1,0,1,7,0,0,116,10.3,900,12:51,39,116,84,140,37.5
393,Dylan DeMelo,24,D,SJS,62,0,19,19,2,34,3.1,0,0,0,0,16,3,0,65,0.0,880,14:12,69,74,0,0,
394,Luke Glendening,28,RW,DET,68,11,8,19,-12,17,1.2,8,1,2,2,7,0,1,87,12.6,896,13:11,82,135,389,282,58.0
395,Melker Karlsson,27,C,SJS,71,8,11,19,-5,26,1.1,7,0,1,1,11,0,0,76,10.5,941,13:15,69,81,12,6,66.7
396,Zack Kassian,27,RW,EDM,73,7,12,19,-7,90,0.9,7,0,0,0,9,1,2,86,8.1,851,11:40,9,129,5,19,20.8
397,Leo Komarov,31,C,TOR,73,7,12,19,0,29,0.6,4,2,1,0,11,1,0,112,6.3,1154,15:48,48,215,110,99,52.6
398,Brett Pesce,23,D,CAR,65,3,16,19,-6,18,3.4,3,0,0,1,16,0,0,88,3.4,1359,20:54,101,57,0,1,0.0
399,Benoit Pouliot,31,LW,BUF,74,13,6,19,-8,22,1.7,10,1,2,4,6,0,0,83,15.7,1013,13:41,34,69,12,21,36.4
400,Zack Smith,29,LW,OTT,67,5,14,19,-31,52,-0.6,5,0,0,1,10,3,1,124,4.0,1121,16:44,29,88,291,316,47.9
401,Scottie Upshall,34,RW,STL,63,7,12,19,-1,46,1.6,7,0,0,2,12,0,0,71,9.9,684,10:51,24,119,8,7,53.3
402,Johnny Boychuk,34,D,NYI,58,6,12,18,-8,30,2.3,4,2,0,3,12,0,0,141,4.3,1171,20:12,112,114,0,0,
403,Alex Chiasson,27,RW,WSH,60,9,9,18,1,24,1.6,7,1,1,2,7,0,2,59,15.3,707,11:47,29,57,11,30,26.8
404,Brian Dumoulin,26,D,PIT,80,5,13,18,-5,30,3.3,5,0,0,1,13,0,0,102,4.9,1649,20:37,132,101,0,0,
405,Derek Forbort,25,D,LAK,78,1,17,18,18,49,5.3,1,0,0,0,17,0,0,78,1.3,1621,20:47,156,142,0,0,
406,Dan Girardi,33,D,TBL,76,6,12,18,18,27,4.0,5,1,0,1,11,0,1,92,6.5,1321,17:23,152,131,0,1,0.0
407,Brad Hunt,29,D,VEG,44,3,15,18,-3,6,2.5,1,2,0,0,5,10,0,80,3.8,728,16:33,36,19,0,1,0.0
408,John Moore,27,D,NJD,80,7,11,18,4,47,4.6,6,0,1,2,9,2,0,140,5.0,1600,20:00,104,135,0,0,
409,Adam Pelech,23,D,NYI,77,3,15,18,6,28,3.2,3,0,0,1,12,2,1,102,2.9,1482,19:15,140,98,0,0,
410,Mike Reilly,24,D,TOT,56,2,16,18,-6,26,2.4,2,0,0,0,10,6,0,61,3.3,837,14:56,36,40,0,0,
411,Anton Stralman,31,D,TBL,79,4,14,18,29,18,4.7,4,0,0,0,14,0,0,128,3.1,1695,21:27,98,104,0,0,
412,Austin Watson,26,LW,NSH,75,13,5,18,0,113,1.5,9,0,4,3,4,0,1,94,13.8,925,12:20,77,187,27,16,62.8
413,Colin Wilson,28,C,COL,55,6,12,18,-5,6,1.2,5,1,0,1,7,5,0,75,8.0,728,13:14,23,37,58,54,51.8
414,Francois Beauchemin,37,D,ANA,66,3,14,17,11,22,3.9,3,0,0,0,11,2,1,90,3.3,1141,17:17,117,102,0,0,
415,Ryan Callahan,32,RW,TBL,66,4,13,17,-5,29,0.2,2,1,1,0,11,1,1,102,3.9,877,13:17,38,134,27,39,40.9
416,Casey Cizikas,26,C,NYI,64,7,10,17,-12,23,0.4,6,0,1,0,10,0,0,74,9.5,846,13:13,53,128,473,418,53.1
417,Cal Clutterbuck,30,RW,NYI,75,8,9,17,-8,53,0.4,7,0,1,1,9,0,0,100,8.0,959,12:47,53,226,7,13,35.0
418,Joel Edmundson,24,D,STL,68,7,10,17,0,57,4.0,7,0,0,0,10,0,0,122,5.7,1407,20:41,148,113,0,0,
419,Nick Holden,30,D,TOT,72,4,13,17,-7,14,2.9,4,0,0,0,10,3,0,80,5.0,1373,19:04,83,136,0,0,
420,Dmitrij Jaskin,24,RW,STL,75,6,11,17,6,14,1.2,6,0,0,0,10,1,0,120,5.0,931,12:25,46,202,2,11,15.4
421,Johan Larsson,25,C,BUF,79,4,13,17,-28,49,-0.4,3,0,1,0,12,0,1,86,4.7,1118,14:09,46,115,342,289,54.2
422,Brandon Manning,27,D,PHI,64,7,10,17,-1,56,3.2,7,0,0,2,9,1,0,109,6.4,1149,17:58,73,110,0,0,
423,Jamie Oleksiak,25,D,TOT,68,5,12,17,7,87,3.8,4,1,0,1,12,0,0,81,6.2,1133,16:40,76,174,0,0,
424,Antoine Roussel,28,LW,DAL,72,5,12,17,1,126,1.0,5,0,0,0,12,0,0,85,5.9,892,12:23,42,103,22,15,59.5
425,Nick Shore,25,C,TOT,63,5,12,17,-4,16,0.7,5,0,0,1,12,0,0,73,6.8,889,14:06,20,53,345,381,47.5
426,Chandler Stephenson,23,C,WSH,66,6,11,17,13,8,1.5,6,0,0,0,11,0,0,36,16.7,785,11:53,33,26,37,29,56.1
427,Brandon Tanev,26,LW,WPG,60,8,9,17,12,18,1.7,5,0,3,1,9,0,0,78,10.3,759,12:39,55,186,3,8,27.3
428,Nate Thompson,33,C,TOT,68,5,12,17,0,20,0.8,4,0,1,0,12,0,0,53,9.4,873,12:50,39,122,358,275,56.6
429,Pontus Aberg,24,LW,TOT,53,4,12,16,9,10,1.3,4,0,0,3,11,1,0,70,5.7,645,12:10,8,24,4,8,33.3
430,Pierre-Edouard Bellemare,32,LW,VEG,72,6,10,16,5,14,0.9,6,0,0,1,10,0,0,92,6.5,888,12:20,63,41,355,339,51.2
431,Trevor Daley,34,D,DET,76,9,7,16,-3,36,4.1,8,0,1,4,5,0,2,103,8.7,1571,20:40,120,24,0,0,
432,Joel Eriksson Ek,21,LW,MIN,74,6,10,16,4,22,0.8,6,0,0,0,10,0,0,122,4.9,943,12:44,46,131,194,266,42.2
433,Erik Gustafsson,25,D,CHI,34,5,11,16,2,6,3.0,5,0,0,0,7,4,0,70,7.1,630,18:31,44,30,0,1,0.0
434,Jussi Jokinen,34,LW,TOT,59,4,12,16,1,12,1.0,4,0,0,1,7,5,0,72,5.6,683,11:35,21,21,95,81,54.0
435,Joseph Morrow,25,D,TOT,55,6,10,16,-6,26,2.7,5,1,0,0,6,4,0,83,7.2,919,16:43,66,79,0,0,
436,Mark Pysyk,26,D,FLA,80,3,13,16,-9,20,2.6,3,0,0,0,13,0,0,104,2.9,1501,18:45,121,99,0,0,
437,David Savard,27,D,CBJ,80,4,12,16,3,30,3.6,4,0,0,0,11,0,1,144,2.8,1547,19:20,141,142,0,0,
438,Devante Smith-Pelly,25,RW,WSH,74,7,9,16,-5,38,0.6,7,0,0,1,9,0,0,102,6.9,913,12:20,62,150,14,17,45.2
439,Chris Stewart,30,RW,TOT,54,10,6,16,-5,27,1.5,9,1,0,1,6,0,0,68,14.7,580,10:45,14,48,3,7,30.0
440,Trevor van Riemsdyk,26,D,CAR,78,3,13,16,9,20,4.2,3,0,0,1,13,0,0,109,2.8,1326,17:00,112,25,0,0,
441,Antoine Vermette,35,C,ANA,63,8,8,16,-5,34,0.8,6,2,0,2,7,0,1,91,8.8,870,13:49,38,38,606,405,59.9
442,Chris Wagner,26,RW/C,TOT,78,7,9,16,-11,37,0.1,4,1,2,0,7,2,0,91,7.7,1036,13:17,48,253,226,237,48.8
443,Shea Weber,32,D,MTL,26,6,10,16,-8,14,2.4,4,2,0,1,6,3,1,75,8.0,659,25:21,59,66,0,0,
444,Tommy Wingels,29,RW,TOT,73,8,8,16,-10,45,0.7,5,1,2,1,8,0,0,83,9.6,837,11:28,41,176,211,244,46.4
445,Nail Yakupov,24,RW,COL,58,9,7,16,2,26,1.7,6,3,0,1,6,1,0,94,9.6,629,10:50,9,60,0,2,0.0
446,Jordie Benn,30,D,MTL,76,4,11,15,-2,34,3.4,4,0,0,0,11,0,0,104,3.8,1440,18:57,148,90,0,0,
447,Ryan Carpenter,27,C,TOT,51,9,6,15,0,11,1.4,8,0,1,2,6,0,0,85,10.6,640,12:33,17,76,198,191,50.9
448,Daniel Carr,26,LW,MTL,37,5,10,15,1,8,1.5,3,2,0,0,9,1,0,51,9.8,447,12:05,12,30,3,13,18.8
449,Braydon Coburn,32,D,TBL,71,1,14,15,3,40,2.0,1,0,0,0,14,0,0,71,1.4,1143,16:06,75,77,0,0,
450,Brandon Dubinsky,31,C,CBJ,61,5,10,15,-2,33,0.4,5,0,0,0,8,1,1,86,5.8,939,15:23,47,143,514,429,54.5
451,Zemgus Girgensons,24,C,BUF,71,7,8,15,-12,26,0.5,5,0,2,0,8,0,0,113,6.2,973,13:43,32,134,23,40,36.5
452,Matt Grzelcyk,24,D,BOS,60,3,12,15,22,22,4.4,3,0,0,0,10,2,0,82,3.7,1008,16:48,42,45,0,0,
453,Radko Gudas,27,D,PHI,69,2,13,15,-1,81,2.5,2,0,0,0,12,0,1,139,1.4,1180,17:06,123,170,0,0,
454,Nick Jensen,27,D,DET,80,0,15,15,-9,27,2.3,0,0,0,0,14,1,0,105,0.0,1295,16:11,87,71,0,0,
455,Stephen Johns,25,D,DAL,75,8,7,15,10,41,4.4,8,0,0,2,6,0,1,121,6.6,1316,17:33,155,201,0,0,
456,Jordan Martinook,25,LW,ARI,80,6,9,15,-23,45,-0.4,6,0,0,1,8,0,1,110,5.5,1123,14:02,42,126,39,68,36.4
457,Brayden McNabb,27,D,VEG,75,5,10,15,27,52,5.2,5,0,0,1,10,0,0,86,5.8,1514,20:11,174,222,0,0,
458,Kevan Miller,30,D,BOS,66,1,14,15,16,70,4.0,1,0,0,0,12,0,2,61,1.6,1283,19:26,109,159,0,0,
459,Patrik Nemeth,25,D,COL,67,3,12,15,25,41,5.0,3,0,0,0,10,0,2,73,4.1,1327,19:48,179,65,0,3,0.0
460,Tomas Nosek,25,LW,VEG,67,7,8,15,6,14,1.2,6,0,1,0,7,0,1,92,7.6,743,11:06,24,53,35,30,53.8
461,Jordan Oesterle,25,D,CHI,54,5,10,15,-11,8,2.3,4,1,0,0,8,2,0,98,5.1,1115,20:39,97,60,0,0,
462,Brad Richardson,32,C,ARI,75,3,12,15,-22,38,-0.6,3,0,0,0,12,0,0,104,2.9,1110,14:48,52,72,535,491,52.1
463,Drew Stafford,32,RW,NJD,58,8,7,15,-19,10,0.4,4,4,0,1,6,1,0,99,8.1,805,13:53,15,76,41,40,50.6
464,Alexandre Burrows,36,RW,OTT,70,6,8,14,-8,49,0.4,4,2,0,2,7,1,0,89,6.7,817,11:40,31,65,8,22,26.7
465,Paul Carey,29,C,NYR,60,7,7,14,-13,20,0.7,5,1,1,1,7,0,0,51,13.7,616,10:16,22,67,19,22,46.3
466,Ben Chiarot,26,D,WPG,56,2,12,14,16,32,3.4,2,0,0,0,12,0,0,56,3.6,853,15:14,74,105,0,0,
467,Jakob Chychrun,19,D,ARI,50,4,10,14,2,16,3.3,2,2,0,1,8,2,0,102,3.9,1013,20:15,72,74,0,0,
468,Nicolas Deslauriers,26,LW,MTL,57,10,4,14,7,53,1.8,10,0,0,1,3,0,1,76,13.2,660,11:35,30,238,4,2,66.7
469,Christian Djoos,23,D,WSH,63,3,11,14,13,10,3.4,3,0,0,0,11,0,0,60,5.0,884,14:02,55,22,0,0,
470,Remi Elie,22,LW,DAL,72,6,8,14,5,18,1.2,6,0,0,1,8,0,0,70,8.6,738,10:15,20,101,5,9,35.7
471,Nikolay Goldobin,22,RW,VAN,37,8,6,14,-14,6,1.0,6,2,0,0,6,0,0,49,16.3,455,12:18,7,12,1,1,50.0
472,Barclay Goodrow,24,RW,SJS,47,7,7,14,1,28,1.4,6,0,1,1,7,0,0,57,12.3,512,10:53,30,68,154,108,58.8
473,Jannik Hansen,31,RW,SJS,46,2,12,14,2,15,0.8,2,0,0,2,11,0,1,54,3.7,554,12:02,19,38,8,4,66.7
474,Marcus Johansson,27,LW,NJD,29,5,9,14,-11,14,0.8,4,1,0,0,7,2,0,42,11.9,464,15:59,9,8,36,38,48.6
475,Ryan Kesler,33,C,ANA,43,8,6,14,-5,46,0.8,6,2,0,2,6,0,0,76,10.5,775,18:01,38,70,389,341,53.3
476,Sean Kuraly,25,C,BOS,75,6,8,14,-5,40,0.3,6,0,0,1,7,0,1,134,4.5,919,12:15,22,143,335,386,46.5
477,Derek MacKenzie,36,C,FLA,75,3,11,14,-9,31,-0.1,2,0,1,0,8,0,3,86,3.5,848,11:18,45,124,315,290,52.1
478,Neal Pionk,22,D,NYR,27,1,13,14,-1,12,2.1,1,0,0,0,8,5,0,53,1.9,603,22:21,41,48,0,0,
479,Brett Ritchie,24,RW,DAL,70,7,7,14,1,42,1.1,5,2,0,0,6,1,0,117,6.0,756,10:48,10,171,0,1,0.0
480,Jack Roslovic,21,C,WPG,31,5,9,14,5,2,1.5,5,0,0,1,9,0,0,38,13.2,382,12:19,9,20,18,21,46.2
481,Luca Sbisa,28,D,VEG,30,2,12,14,8,15,2.7,2,0,0,0,11,0,1,26,7.7,586,19:31,54,50,0,0,
482,Logan Shaw,26,RW,TOT,71,4,10,14,-5,12,0.3,4,0,0,1,9,0,1,104,3.8,841,11:50,46,109,82,103,44.3
483,Radim Vrbata,36,RW,FLA,41,5,9,14,-6,14,0.8,3,2,0,0,7,2,0,85,5.9,531,12:57,15,15,7,13,35.0
484,Scott Wilson,25,C/LW,TOT,68,6,8,14,-19,6,0.2,6,0,0,0,7,1,0,97,6.2,828,12:11,33,128,10,9,52.6
485,Ivan Barbashev,22,C,STL,52,7,6,13,-1,4,1.0,7,0,0,1,6,0,0,44,15.9,632,12:10,25,70,58,95,37.9
486,Mark Barberio,27,D,COL,45,3,10,13,4,27,2.7,2,0,1,1,8,1,1,51,5.9,774,17:13,60,25,0,0,
487,Robert Bortuzzo,28,D,STL,71,4,9,13,11,39,3.7,4,0,0,1,9,0,0,76,5.3,1052,14:49,108,119,0,0,
488,Jason Chimera,38,LW,TOT,74,3,10,13,-12,37,-0.3,3,0,0,0,10,0,0,79,3.8,762,10:18,17,132,11,17,39.3
489,Travis Dermott,21,D,TOR,36,1,12,13,17,8,3.1,1,0,0,0,12,0,0,52,1.9,577,16:02,35,46,0,0,
490,Jonathan Ericsson,33,D,DET,80,3,10,13,-6,47,2.9,3,0,0,0,9,0,1,86,3.5,1545,19:19,84,130,1,0,100.0
491,Christian Folin,26,D,LAK,64,3,10,13,1,30,2.9,3,0,0,0,9,0,1,55,5.5,998,15:36,106,167,0,0,
492,Gustav Forsling,21,D,CHI,41,3,10,13,-2,8,2.3,2,1,0,1,6,3,1,82,3.7,785,19:09,56,26,0,1,0.0
493,Andy Greene,35,D,NJD,80,3,10,13,-6,21,2.9,3,0,0,0,10,0,0,92,3.3,1691,21:08,185,84,0,0,
494,John Hayden,22,RW,CHI,47,4,9,13,-4,54,0.8,3,0,1,0,9,0,0,56,7.1,509,10:49,23,118,12,12,50.0
495,Matt Hendricks,36,LW,WPG,60,5,8,13,-1,39,0.8,5,0,0,0,8,0,0,56,8.9,565,9:25,42,123,226,232,49.3
496,Adam Larsson,25,D,EDM,62,4,9,13,11,34,3.5,4,0,0,1,9,0,0,91,4.4,1355,21:51,137,238,0,0,
497,Connor Murphy,24,D,CHI,75,2,11,13,-2,32,2.6,2,0,0,0,11,0,0,108,1.9,1225,16:20,99,137,0,0,
498,Greg Pateryn,27,D,DAL,72,1,12,13,5,50,3.2,1,0,0,0,12,0,0,100,1.0,1411,19:36,147,154,0,0,
499,Alexander Petrovic,25,D,FLA,66,2,11,13,-3,98,2.1,2,0,0,1,11,0,0,60,3.3,966,14:38,74,142,0,0,
500,Nikita Zaitsev,26,D,TOR,59,5,8,13,8,31,3.3,5,0,0,1,8,0,0,54,9.3,1313,22:15,134,113,0,0,
501,Karl Alzner,29,D,MTL,81,1,11,12,-6,40,2.7,1,0,0,0,10,0,1,83,1.2,1629,20:07,143,140,0,0,
502,Anders Bjork,21,LW,BOS,30,4,8,12,2,6,1.1,2,2,0,0,7,1,0,30,13.3,370,12:21,11,19,1,1,50.0
503,Madison Bowey,22,D,WSH,51,0,12,12,-3,24,1.5,0,0,0,0,12,0,0,47,0.0,699,13:43,42,48,0,0,
504,Connor Brickley,25,LW,FLA,43,4,8,12,-6,19,0.5,4,0,0,2,8,0,0,62,6.5,515,11:58,27,81,3,13,18.8
505,Connor Carrick,23,D,TOR,47,4,8,12,5,27,2.5,3,1,0,3,7,1,0,55,7.3,711,15:08,53,42,0,0,
506,Cory Conacher,28,LW,TBL,36,8,4,12,0,24,1.3,7,1,0,2,4,0,0,45,17.8,360,10:00,14,32,4,12,25.0
507,Calvin de Haan,26,D,NYI,33,1,11,12,11,8,2.4,1,0,0,0,11,0,0,44,2.3,619,18:45,65,45,0,0,
508,Jacob de La Rose,22,LW,MTL,54,4,8,12,-2,29,0.6,3,0,1,0,8,0,0,52,7.7,639,11:50,35,127,205,255,44.6
509,Danny DeKeyser,27,D,DET,64,6,6,12,1,28,3.4,6,0,0,0,6,0,0,62,9.7,1298,20:17,122,74,0,0,
510,Markus Granlund,24,C,VAN,53,8,4,12,-10,8,0.4,4,2,2,1,3,1,0,93,8.6,862,16:15,12,47,73,106,40.8
511,Garnet Hathaway,26,RW,CGY,58,3,9,12,1,88,0.6,2,0,1,0,9,0,0,64,4.7,669,11:32,31,151,1,9,10.0
512,Joshua Ho-Sang,22,RW,NYI,22,2,10,12,-7,2,0.6,2,0,0,0,9,1,0,18,11.1,314,14:17,1,3,2,3,40.0
513,Matt Martin,28,LW,TOR,50,3,9,12,0,50,0.8,3,0,0,0,9,0,0,46,6.5,399,7:59,9,147,12,4,75.0
514,Scott Mayfield,25,D,NYI,46,2,10,12,-7,45,1.2,2,0,0,0,10,0,0,55,3.6,821,17:51,71,75,0,0,
515,Jake McCabe,24,D,BUF,53,3,9,12,-11,26,2.2,2,1,0,0,9,0,0,53,5.7,1034,19:30,79,110,0,1,0.0
516,Dominic Moore,37,C,TOR,50,6,6,12,3,16,1.1,6,0,0,0,5,0,1,46,13.0,515,10:18,19,41,196,165,54.3
517,Ryan Murray,24,D,CBJ,44,1,11,12,4,8,2.3,1,0,0,0,11,0,0,34,2.9,811,18:26,75,31,0,0,
518,Magnus Paajarvi,26,LW,TOT,78,8,4,12,-10,12,0.1,8,0,0,0,4,0,0,123,6.5,972,12:27,42,102,2,6,25.0
519,Roman Polak,31,D,TOR,53,2,10,12,5,46,2.4,2,0,0,0,10,0,0,46,4.3,933,17:36,82,130,0,0,
520,Joakim Ryan,24,D,SJS,62,3,9,12,13,8,3.7,3,0,0,1,8,0,1,79,3.8,1039,16:45,98,33,0,0,
521,Dominik Simon,23,C,PIT,33,4,8,12,2,16,1.1,4,0,0,0,8,0,0,36,11.1,377,11:25,18,37,6,8,42.9
522,Anton Slepyshev,23,LW,EDM,49,6,6,12,-4,8,0.7,6,0,0,0,6,0,0,72,8.3,578,11:48,18,60,1,5,16.7
523,Josh Archibald,25,RW,TOT,41,5,6,11,-2,25,0.8,5,0,0,0,6,0,0,42,11.9,493,12:01,15,84,22,34,39.3
524,Andreas Borgman,22,D,TOR,48,3,8,11,4,28,2.2,3,0,0,0,8,0,0,46,6.5,657,13:41,36,121,0,0,
525,Mark Borowiecki,28,D,OTT,51,3,8,11,-4,62,1.9,3,0,0,0,8,0,0,66,4.5,741,14:32,81,222,0,1,0.0
526,Gabriel Bourque,27,LW,COL,57,5,6,11,-6,12,0.4,5,0,0,1,6,0,0,42,11.9,623,10:56,58,121,6,16,27.3
527,Anthony Cirelli,20,C,TBL,17,5,6,11,11,6,1.6,5,0,0,0,5,0,1,22,22.7,222,13:02,6,16,92,105,46.7
528,Phillip Di Giuseppe,24,LW,CAR,48,5,6,11,-2,17,0.8,5,0,0,1,6,0,0,63,7.9,501,10:26,14,88,0,1,0.0
529,Jake Dotchin,23,D,TBL,48,3,8,11,17,38,2.9,3,0,0,0,7,0,1,48,6.3,791,16:29,61,95,0,0,
530,Byron Froese,26,C,MTL,47,3,8,11,0,24,0.6,3,0,0,0,8,0,0,48,6.3,544,11:35,42,53,156,196,44.3
531,Travis Hamonic,27,D,CGY,74,1,10,11,-9,79,2.5,1,0,0,0,10,0,0,107,0.9,1532,20:42,124,83,0,1,0.0
532,Tim Heed,27,D,SJS,29,3,8,11,0,8,2.0,1,2,0,2,5,3,0,51,5.9,465,16:01,35,8,0,0,
533,Jack Johnson,31,D,CBJ,76,3,8,11,-8,22,2.0,3,0,0,1,8,0,0,87,3.4,1482,19:30,132,101,0,0,
534,David Kampf,23,C,CHI,45,4,7,11,-9,12,0.3,4,0,0,0,7,0,0,46,8.7,574,12:45,22,27,285,250,53.3
535,Dmitry Kulikov,27,D,WPG,62,3,8,11,6,22,2.6,3,0,0,1,8,0,0,48,6.3,1058,17:04,78,69,0,0,
536,Curtis Lazar,22,RW,CGY,64,2,9,11,-9,23,0.0,2,0,0,1,9,0,0,65,3.1,628,9:49,26,128,45,72,38.5
537,Oscar Lindberg,26,C,VEG,62,9,2,11,-10,12,0.4,9,0,0,0,2,0,0,80,11.3,729,11:46,27,69,93,84,52.5
538,Torrey Mitchell,33,C,TOT,60,6,5,11,-5,30,0.5,6,0,0,0,4,0,1,55,10.9,684,11:24,29,53,194,197,49.6
539,Gemel Smith,23,C,DAL,45,6,5,11,6,15,1.4,6,0,0,0,5,0,0,41,14.6,423,9:24,13,32,42,51,45.2
540,Matt Stajan,34,C,CGY,67,4,7,11,3,26,0.5,4,0,0,1,7,0,0,65,6.2,731,10:55,30,73,241,228,51.4
541,Troy Stecher,23,D,VAN,67,1,10,11,-7,35,2.1,1,0,0,0,8,1,1,92,1.1,1260,18:48,73,111,0,1,0.0
542,Chris Tanev,28,D,VAN,42,2,9,11,7,8,2.8,2,0,0,0,7,0,2,31,6.5,831,19:47,70,21,0,0,
543,Joel Ward,37,RW,SJS,51,5,6,11,-3,20,0.6,5,0,0,2,6,0,0,38,13.2,604,11:51,27,34,106,124,46.1
544,Noel Acciari,26,C,BOS,58,9,1,10,-5,9,0.5,8,0,1,0,1,0,0,65,13.8,746,12:52,41,147,37,45,45.1
545,Victor Antipin,25,D,BUF,47,0,10,10,-9,18,1.4,0,0,0,0,9,1,0,40,0.0,718,15:17,41,14,0,0,
546,Christopher Didomenico,28,LW,OTT,24,6,4,10,-4,8,1.0,4,2,0,0,2,2,0,23,26.1,283,11:47,14,21,6,13,31.6
547,Martin Hanzal,30,C,DAL,38,5,5,10,-14,23,0.2,3,2,0,1,4,1,0,62,8.1,536,14:07,21,66,239,195,55.1
548,Matt Hunwick,32,D,PIT,42,4,6,10,-4,21,1.7,3,0,1,1,6,0,0,52,7.7,735,17:31,53,51,0,0,
549,Tomas Jurco,25,LW,CHI,29,6,4,10,1,12,1.1,6,0,0,1,4,0,0,44,13.6,366,12:37,12,22,4,12,25.0
550,Brooks Orpik,37,D,WSH,80,0,10,10,-7,68,1.5,0,0,0,0,10,0,0,52,0.0,1551,19:24,165,216,0,0,
551,Ryan Reaves,31,RW,TOT,78,4,6,10,-7,94,0.1,4,0,0,1,6,0,0,41,9.8,589,7:33,26,234,14,14,50.0
552,Steven Santini,22,D,NJD,36,2,8,10,0,21,2.0,2,0,0,0,7,0,1,56,3.6,730,20:16,73,113,0,1,0.0
553,Andy Andreoff,26,LW,LAK,45,3,6,9,-6,50,0.3,3,0,0,2,6,0,0,47,6.4,423,9:23,11,77,24,29,45.3
554,Yohann Auvitu,28,D,EDM,33,3,6,9,4,8,1.9,3,0,0,0,6,0,0,69,4.3,447,13:33,26,18,0,0,
555,Nathan Beaulieu,25,D,BUF,58,1,8,9,-20,36,0.8,1,0,0,0,7,1,0,63,1.6,925,15:57,65,45,0,0,
556,Alex Biega,29,D,VAN,43,1,8,9,3,32,2.0,1,0,0,1,7,0,1,77,1.3,644,14:59,51,125,0,0,
557,Lance Bouma,27,LW,CHI,53,3,6,9,1,36,0.3,3,0,0,1,5,1,0,56,5.4,564,10:39,27,132,14,19,42.4
558,Kyle Clifford,27,LW,LAK,49,6,3,9,-4,48,0.6,6,0,0,0,3,0,0,80,7.5,516,10:32,8,124,1,8,11.1
559,Derek Dorsett,31,RW,VAN,20,7,2,9,-1,74,1.2,5,0,2,1,2,0,0,26,26.9,306,15:17,14,39,0,3,0.0
560,Alexei Emelin,31,D,NSH,75,1,8,9,9,36,2.5,1,0,0,0,8,0,0,58,1.7,1267,16:54,107,181,1,0,100.0
561,Oscar Fantenberg,26,D,LAK,26,2,7,9,3,11,1.8,2,0,0,0,3,4,0,33,6.1,367,14:07,16,42,0,0,
562,Carl Gunnarsson,31,D,STL,63,5,4,9,15,22,3.7,5,0,0,2,4,0,0,59,8.5,1018,16:10,102,35,0,0,
563,Robert Hagg,22,D,PHI,70,3,6,9,5,32,2.5,3,0,0,0,6,0,0,89,3.4,1270,18:08,100,238,0,0,
564,Micheal Haley,31,LW,FLA,74,3,6,9,-13,212,-0.3,3,0,0,1,6,0,0,55,5.5,572,7:44,23,124,16,17,48.5
565,Jimmy Hayes,28,RW,NJD,32,3,6,9,-1,4,0.6,2,1,0,2,6,0,0,37,8.1,383,11:59,6,50,6,9,40.0
566,Niklas Hjalmarsson,30,D,ARI,48,1,8,9,-3,18,2.1,1,0,0,0,7,1,0,32,3.1,994,20:42,118,16,0,0,
567,Kasperi Kapanen,21,RW,TOR,37,7,2,9,-1,4,0.9,6,0,1,1,2,0,0,54,13.0,417,11:16,9,57,1,6,14.3
568,Boo Nieves,24,C,NYR,28,1,8,9,6,12,0.8,1,0,0,0,8,0,0,23,4.3,286,10:12,19,30,97,122,44.3
569,Cedric Paquette,24,C,TBL,55,5,4,9,-6,41,0.1,5,0,0,2,3,1,0,61,8.2,558,10:09,29,111,227,256,47.0
570,Nate Prosser,31,D,TOT,56,3,6,9,7,19,2.4,2,0,1,1,6,0,0,27,11.1,748,13:22,79,58,0,0,
571,Ty Rattie,24,RW,EDM,13,5,4,9,1,2,1.1,5,0,0,1,4,0,0,29,17.2,202,15:33,4,11,0,0,
572,Travis Sanheim,21,D,PHI,48,2,7,9,-7,20,1.1,2,0,0,0,7,0,0,69,2.9,743,15:29,33,25,0,0,
573,Lee Stempniak,34,RW,CAR,36,3,6,9,-8,4,0.2,2,1,0,0,6,0,0,36,8.3,447,12:25,9,38,3,11,21.4
574,Michael Stone,27,D,CGY,81,3,6,9,-15,28,1.8,3,0,0,0,5,1,0,98,3.1,1349,16:39,154,106,0,0,
575,Dylan Strome,20,C,ARI,20,4,5,9,4,8,1.1,3,1,0,0,5,0,0,28,14.3,257,12:50,12,7,88,113,43.8
576,Tage Thompson,20,C,STL,41,3,6,9,-12,12,0.0,3,0,0,0,5,1,0,55,5.5,489,11:55,9,39,1,9,10.0
577,Darren Archibald,27,RW,VAN,26,4,4,8,-2,14,0.6,3,0,1,0,4,0,0,27,14.8,386,14:50,14,73,0,1,0.0
578,Kevin Bieksa,36,D,ANA,59,0,8,8,-13,83,0.7,0,0,0,0,6,2,0,66,0.0,1063,18:01,81,116,0,0,
579,Anthony DeAngelo,22,D,NYR,32,0,8,8,-18,11,0.0,0,0,0,0,2,6,0,68,0.0,530,16:34,42,31,1,0,100.0
580,Ryan Donato,21,C,BOS,10,5,3,8,1,2,1.1,3,2,0,0,2,1,0,23,21.7,153,15:17,2,5,2,1,66.7
581,Matt Irwin,30,D,NSH,49,2,6,8,3,8,1.7,2,0,0,0,6,0,0,62,3.2,653,13:20,53,76,0,0,
582,Jakub Jerabek,26,D,TOT,35,2,6,8,0,6,1.6,2,0,0,0,6,0,0,33,6.1,571,16:19,47,38,0,0,
583,Michal Kempny,27,D,TOT,52,2,6,8,10,24,2.5,2,0,0,0,6,0,0,81,2.5,827,15:54,82,57,0,0,
584,Slater Koekkoek,23,D,TBL,34,4,4,8,4,16,1.6,4,0,0,1,4,0,0,42,9.5,386,11:21,24,35,0,0,
585,Tom Kuhnhackl,26,RW,PIT,69,2,6,8,-6,6,-0.4,2,0,0,1,4,1,1,63,3.2,691,10:01,50,139,2,10,16.7
586,Brett Kulak,24,D,CGY,70,2,6,8,-6,27,1.7,2,0,0,0,6,0,0,73,2.7,904,12:55,49,44,0,0,
587,Jori Lehtera,30,C,PHI,61,3,5,8,-8,14,-0.3,2,0,1,0,5,0,0,45,6.7,640,10:30,19,55,77,60,56.2
588,Ben Lovejoy,33,D,NJD,56,2,6,8,4,25,2.3,2,0,0,0,5,0,1,73,2.7,928,16:35,86,82,0,0,
589,Casey Nelson,25,D,BUF,36,3,5,8,-12,8,1.2,2,0,1,0,4,0,1,46,6.5,677,18:48,36,30,0,0,
590,Jordan Nolan,28,LW,BUF,68,4,4,8,-11,69,-0.1,4,0,0,0,4,0,0,50,8.0,669,9:50,17,123,1,3,25.0
591,Johnny Oduya,36,D,TOT,52,4,4,8,1,32,2.2,4,0,0,0,4,0,0,59,6.8,890,17:07,76,50,0,0,
592,Gustav Olofsson,23,D,MIN,41,0,8,8,0,14,1.3,0,0,0,0,8,0,0,22,0.0,524,12:46,44,23,0,0,
593,Miikka Salomaki,24,RW,NSH,57,2,6,8,-9,34,-0.4,2,0,0,0,6,0,0,48,4.2,583,10:14,35,112,5,7,41.7
594,Lukas Sedlak,24,LW,CBJ,53,4,4,8,-3,21,0.3,4,0,0,0,4,0,0,50,8.0,498,9:24,26,77,191,180,51.5
595,Andrej Sekera,31,D,EDM,36,0,8,8,-15,6,0.1,0,0,0,0,6,2,0,36,0.0,588,16:20,42,27,0,0,
596,Brendan Smith,28,D,NYR,44,1,7,8,2,69,1.8,1,0,0,0,6,1,0,66,1.5,755,17:10,37,58,0,0,
597,Marc Staal,31,D,NYR,71,1,7,8,12,18,3.2,1,0,0,0,7,0,0,66,1.5,1312,18:28,95,74,0,0,
598,Kris Versteeg,31,RW,CGY,24,3,5,8,-8,6,0.3,2,1,0,1,1,4,0,49,6.1,316,13:11,6,6,46,32,59.0
599,MacKenzie Weegar,24,D,FLA,58,2,6,8,2,32,1.9,2,0,0,0,6,0,0,57,3.5,846,14:35,64,106,0,0,
600,Dale Weise,29,RW,PHI,46,4,4,8,-7,21,0.1,4,0,0,0,4,0,0,44,9.1,486,10:34,14,77,1,1,50.0
601,Chris Wideman,28,D,OTT,16,3,5,8,5,6,1.7,1,2,0,0,5,0,0,24,12.5,185,11:33,9,17,0,0,
602,Michael Amadio,21,C,LAK,36,4,3,7,-2,8,0.5,3,1,0,0,1,2,0,28,14.3,335,9:18,9,17,73,94,43.7
603,Jay Bouwmeester,34,D,STL,35,2,5,7,5,16,2.1,2,0,0,0,5,0,0,45,4.4,705,20:08,58,29,0,0,
604,J.T. Brown,27,RW,TOT,47,2,5,7,-5,24,-0.1,2,0,0,1,5,0,0,40,5.0,426,9:04,23,71,51,66,43.6
605,Fredrik Claesson,25,D,OTT,63,1,6,7,-7,35,1.2,1,0,0,0,6,0,0,60,1.7,959,15:13,83,154,0,0,
606,Brandon Davidson,26,D,TOT,50,4,3,7,-11,23,0.9,4,0,0,0,2,0,1,61,6.6,838,16:46,83,102,0,0,
607,Haydn Fleury,21,D,CAR,66,0,7,7,-3,12,1.8,0,0,0,0,7,0,0,85,0.0,1107,16:47,93,83,0,0,
608,Cody Franson,30,D,CHI,23,1,6,7,-1,8,1.1,1,0,0,0,2,4,0,51,2.0,382,16:37,18,18,0,0,
609,Tanner Fritz,26,C,NYI,33,3,4,7,-3,8,0.1,3,0,0,0,4,0,0,27,11.1,415,12:34,26,59,47,61,43.5
610,Jaromir Jagr,45,RW,CGY,22,1,6,7,6,10,0.6,1,0,0,0,5,1,0,32,3.1,287,13:03,8,1,0,0,
611,Victor Mete,19,D,MTL,49,0,7,7,5,4,2.0,0,0,0,0,3,4,0,43,0.0,764,15:35,71,1,0,0,
612,Joakim Nordstrom,25,LW,CAR,74,2,5,7,-10,6,-0.7,2,0,0,0,5,0,0,96,2.1,783,10:35,40,106,36,41,46.8
613,Zac Rinaldo,27,LW,ARI,52,5,2,7,-7,44,0.1,5,0,0,0,2,0,0,56,8.9,588,11:18,23,185,4,11,26.7
614,Kevin Roy,24,LW,ANA,25,6,1,7,3,6,0.9,5,1,0,1,1,0,0,26,23.1,341,13:39,7,11,0,9,0.0
615,Luke Schenn,28,D,ARI,63,1,6,7,-11,33,1.3,1,0,0,1,6,0,0,58,1.7,1029,16:20,103,216,0,0,
616,Andrej Sustr,27,D,TBL,43,2,5,7,-5,18,0.6,2,0,0,0,5,0,0,43,4.7,558,12:59,32,9,0,0,
617,Chris Thorburn,34,RW,STL,49,1,6,7,-4,60,0.1,1,0,0,0,6,0,0,35,2.9,347,7:05,15,96,7,5,58.3
618,Frank Vatrano,23,C,TOT,39,6,1,7,1,34,0.7,6,0,0,0,1,0,0,71,8.5,417,10:42,14,50,9,9,50.0
619,Valentin Zykov,22,LW,CAR,9,3,4,7,5,2,1.0,3,0,0,1,4,0,0,16,18.8,128,14:15,1,3,0,1,0.0
620,Zach Aston-Reese,23,C,PIT,16,4,2,6,2,2,0.8,4,0,0,1,2,0,0,20,20.0,182,11:23,6,55,1,5,16.7
621,Nicholas Baptiste,22,RW,BUF,32,4,2,6,-3,14,0.5,4,0,0,1,1,1,0,44,9.1,320,10:00,3,15,2,7,22.2
622,Jonny Brodzinski,24,C,LAK,34,4,2,6,5,6,0.7,4,0,0,1,2,0,0,49,8.2,325,9:34,9,34,4,6,40.0
623,Alexander Burmistrov,26,C,VAN,24,2,4,6,-5,12,0.2,1,1,0,0,3,1,0,18,11.1,287,11:59,4,20,87,94,48.1
624,Brandon Carlo,21,D,BOS,76,0,6,6,10,45,2.6,0,0,0,0,5,0,1,76,0.0,1462,19:14,84,89,1,0,100.0
625,Toby Enstrom,33,D,WPG,43,1,5,6,8,20,1.8,1,0,0,0,5,0,0,31,3.2,732,17:02,51,20,0,0,
626,Brendan Gaunce,23,LW,VAN,37,4,2,6,0,10,0.3,3,1,0,1,2,0,0,55,7.3,492,13:19,11,48,38,46,45.2
627,Brian Gionta,39,RW,BOS,18,2,4,6,-2,2,0.3,1,1,0,1,2,2,0,37,5.4,244,13:32,6,16,6,7,46.2
628,Ben Hutton,24,D,VAN,60,0,6,6,-9,23,1.1,0,0,0,0,3,2,1,101,0.0,1107,18:27,67,40,0,1,0.0
629,Ross Johnston,23,LW,NYI,24,3,3,6,0,62,0.5,3,0,0,0,3,0,0,19,15.8,224,9:20,11,46,1,4,20.0
630,Josh Jooris,27,RW,TOT,40,3,3,6,-7,16,0.0,3,0,0,0,3,0,0,50,6.0,391,9:46,11,51,75,88,46.0
631,Marcus Kruger,27,C,CAR,48,1,5,6,-6,28,-0.3,1,0,0,0,5,0,0,30,3.3,520,10:50,16,56,159,128,55.4
632,Oskar Lindblom,21,LW,PHI,22,2,4,6,4,6,0.4,2,0,0,1,3,1,0,34,5.9,321,14:36,11,26,0,0,
633,Tyler Motte,22,LW,TOT,45,4,2,6,-5,6,0.0,4,0,0,0,2,0,0,63,6.3,501,11:07,25,92,6,16,27.3
634,Xavier Ouellet,24,D,DET,44,0,6,6,-3,6,1.1,0,0,0,0,6,0,0,56,0.0,607,13:47,43,35,0,0,
635,Nikita Scherbak,22,RW,MTL,26,4,2,6,-5,8,0.3,2,1,1,0,0,2,0,39,10.3,348,13:23,15,18,2,0,100.0
636,Marcus Sorensen,25,LW,SJS,31,5,1,6,-5,5,0.4,5,0,0,1,1,0,0,24,20.8,313,10:06,15,26,2,1,66.7
637,David Booth,33,LW,DET,27,4,1,5,-3,10,0.5,4,0,0,0,0,1,0,31,12.9,182,6:45,7,22,4,6,40.0
638,Reid Boucher,24,C,VAN,20,3,2,5,-12,0,0.0,2,1,0,1,1,1,0,37,8.1,228,11:23,3,13,1,2,33.3
639,Klas Dahlbeck,26,D,CAR,32,1,4,5,-6,21,0.8,1,0,0,0,4,0,0,40,2.5,520,16:15,33,70,0,0,
640,John Gilmour,24,D,NYR,27,2,3,5,-9,14,0.5,1,1,0,1,3,0,0,60,3.3,463,17:10,26,25,0,0,
641,Erik Gudbranson,26,D,VAN,52,2,3,5,-7,35,1.2,2,0,0,0,3,0,0,53,3.8,958,18:25,81,126,0,0,
642,Markus Hannikainen,24,LW,CBJ,32,3,2,5,-1,6,0.3,3,0,0,0,2,0,0,31,9.7,265,8:17,15,31,3,1,75.0
643,Taylor Leier,23,LW,PHI,39,1,4,5,-7,6,-0.4,1,0,0,0,4,0,0,48,2.1,409,10:29,19,10,3,2,60.0
644,Vinni Lettieri,22,C,NYR,19,1,4,5,-12,0,-0.2,1,0,0,0,3,1,0,28,3.6,229,12:03,6,22,5,7,41.7
645,Max McCormick,25,LW,OTT,29,3,2,5,-4,37,0.3,3,0,0,0,2,0,0,33,9.1,243,8:23,8,55,9,11,45.0
646,Zack Mitchell,25,RW,MIN,23,3,2,5,-2,4,0.3,2,1,0,1,2,0,0,17,17.6,242,10:32,10,26,15,16,48.4
647,Ryan Murphy,24,D,MIN,20,2,3,5,7,16,1.6,1,1,0,0,3,0,0,25,8.0,379,18:56,17,5,0,0,
648,Matthew Peca,24,C,TBL,10,2,3,5,6,0,0.7,2,0,0,0,3,0,0,17,11.8,137,13:40,8,11,78,59,56.9
649,Carter Rowney,28,RW,PIT,44,2,3,5,-13,4,-0.5,1,0,1,0,3,0,0,21,9.5,411,9:21,24,74,164,146,52.9
650,Chad Ruhwedel,27,D,PIT,44,2,3,5,-8,16,0.6,2,0,0,0,3,0,0,67,3.0,692,15:44,43,67,0,0,
651,David Schlemko,30,D,MTL,37,1,4,5,3,6,1.6,1,0,0,1,2,2,0,38,2.6,668,18:04,72,33,0,0,
652,Dennis Seidenberg,36,D,NYI,27,0,5,5,-7,17,0.2,0,0,0,0,5,0,0,31,0.0,483,17:53,42,65,0,0,
653,Ryan Sproul,25,D,NYR,15,1,4,5,-4,6,0.6,1,0,0,0,3,1,0,15,6.7,243,16:12,17,6,0,0,
654,Oskar Sundqvist,23,C,STL,41,1,4,5,-5,14,-0.2,1,0,0,0,4,0,0,41,2.4,430,10:29,12,45,140,172,44.9
655,David Warsofsky,27,D,COL,16,0,5,5,4,0,1.0,0,0,0,0,5,0,0,18,0.0,214,13:24,22,1,0,0,
656,Yannick Weber,29,D,NSH,47,2,3,5,2,16,1.2,2,0,0,0,3,0,0,40,5.0,567,12:03,35,47,0,0,
657,Sebastian Aho,21,D,NYI,22,1,3,4,-5,6,0.3,0,1,0,0,3,0,0,24,4.2,357,16:15,13,10,0,1,0.0
658,Justin Bailey,22,RW,BUF,12,3,1,4,-2,2,0.5,3,0,0,0,1,0,0,19,15.8,135,11:17,9,19,0,2,0.0
659,Ethan Bear,20,D,EDM,17,1,3,4,-11,10,-0.1,0,1,0,0,2,1,0,19,5.3,316,18:34,24,12,0,0,
660,Filip Chlapik,20,C,OTT,19,1,3,4,-3,4,0.1,1,0,0,0,2,1,0,20,5.0,190,9:58,13,19,48,50,49.0
661,Taylor Chorney,30,D,WSH,24,1,3,4,8,8,1.3,1,0,0,0,2,0,1,14,7.1,312,12:59,31,18,0,0,
662,Austin Czarnik,25,C,BOS,10,0,4,4,-1,0,0.2,0,0,0,0,3,1,0,7,0.0,109,10:55,0,4,14,14,50.0
663,Nic Dowd,27,C,TOT,56,3,1,4,-10,28,-0.6,2,1,0,1,1,0,0,51,5.9,590,10:32,30,81,202,194,51.0
664,Adam Erne,22,LW,TBL,23,3,1,4,-1,11,0.2,3,0,0,1,1,0,0,29,10.3,233,10:07,8,37,5,3,62.5
665,Eric Fehr,32,C,TOT,18,3,1,4,6,2,0.6,3,0,0,0,1,0,0,27,11.1,212,11:47,14,24,66,73,47.5
666,Brendan Guhle,20,D,BUF,17,0,4,4,-4,8,0.5,0,0,0,0,4,0,0,33,0.0,306,18:00,8,9,0,0,
667,Scott Harrington,24,D,CBJ,31,2,2,4,0,8,1.0,2,0,0,1,2,0,0,27,7.4,407,13:08,42,31,0,0,
668,Peter Holland,27,C,NYR,23,1,3,4,-10,7,-0.3,1,0,0,0,2,0,1,30,3.3,285,12:24,12,14,107,120,47.1
669,Julius Honka,22,D,DAL,41,1,3,4,-1,14,1.0,1,0,0,0,2,1,0,41,2.4,535,13:02,28,20,0,0,
670,Jacob Josefson,26,C,BUF,39,2,2,4,-4,6,-0.1,2,0,0,0,2,0,0,35,5.7,444,11:23,33,26,141,179,44.1
671,Mario Kempe,29,RW,ARI,18,2,2,4,-1,4,0.3,2,0,0,0,2,0,0,20,10.0,200,11:05,11,20,27,43,38.6
672,Dean Kukan,24,D,CBJ,10,0,4,4,3,2,0.7,0,0,0,0,4,0,0,10,0.0,119,11:57,9,2,0,0,
673,Luke Kunin,20,C,MIN,19,2,2,4,-3,13,0.1,1,0,1,0,2,0,0,32,6.3,247,12:59,8,34,24,30,44.4
674,Paul Ladue,25,D,LAK,11,3,1,4,4,6,1.2,2,1,0,2,1,0,0,13,23.1,154,13:59,11,12,0,0,
675,Josh Leivo,24,LW,TOR,16,1,3,4,0,6,0.2,1,0,0,0,3,0,0,25,4.0,169,10:34,5,2,6,3,66.7
676,Anton Lindholm,23,D,COL,48,0,4,4,4,14,1.3,0,0,0,0,4,0,0,22,0.0,632,13:10,51,99,0,0,
677,Kurtis MacDermid,23,D,LAK,34,1,3,4,-4,57,0.7,1,0,0,0,3,0,0,19,5.3,395,11:36,27,77,0,0,
678,Ian McCoshen,22,D,FLA,37,3,1,4,-10,25,0.4,3,0,0,1,1,0,0,26,11.5,562,15:11,43,70,0,0,
679,Greg McKegg,25,C,PIT,26,2,2,4,-4,8,0.0,1,0,1,0,2,0,0,21,9.5,252,9:41,10,19,115,118,49.4
680,Cody McLeod,33,LW,TOT,48,1,3,4,-11,111,-0.5,1,0,0,0,3,0,0,36,2.8,354,7:23,19,131,0,0,
681,Casey Mittelstadt,19,C,BUF,5,1,3,4,0,2,0.4,0,1,0,0,3,0,0,7,14.3,69,13:47,2,2,12,14,46.2
682,Mirco Mueller,22,D,NJD,27,0,4,4,4,4,1.2,0,0,0,0,2,0,2,19,0.0,446,16:31,41,15,0,0,
683,Daniel O'Regan,24,C,TOT,21,0,4,4,-2,2,0.0,0,0,0,0,3,1,0,17,0.0,209,9:58,6,5,58,62,48.3
684,Marcus Pettersson,21,D,ANA,21,1,3,4,5,6,1.1,1,0,0,0,2,1,0,14,7.1,284,13:31,26,16,0,0,
685,Dennis Rasmussen,27,C,ANA,27,1,3,4,4,8,0.3,1,0,0,0,3,0,0,19,5.3,241,8:54,15,31,34,36,48.6
686,Evgeny Svechnikov,21,RW,DET,14,2,2,4,-2,8,0.3,2,0,0,0,2,0,0,15,13.3,123,8:49,6,15,1,4,20.0
687,Colin White,21,C,OTT,20,2,2,4,-1,6,0.1,2,0,0,1,2,0,0,23,8.7,268,13:25,14,12,20,39,33.9
688,Luke Witkowski,27,RW,DET,31,1,3,4,-1,68,0.1,1,0,0,0,3,0,0,16,6.3,213,6:53,11,57,1,1,50.0
689,Anthony Bitetto,27,D,NSH,32,1,2,3,-1,27,0.6,1,0,0,1,2,0,0,25,4.0,430,13:26,31,40,0,0,
690,Samuel Blais,21,LW,STL,11,1,2,3,1,6,0.3,0,1,0,0,2,0,0,9,11.1,119,10:46,2,15,0,0,
691,William Carrier,23,LW,VEG,36,1,2,3,-3,19,-0.3,1,0,0,0,2,0,0,51,2.0,318,8:49,10,109,0,0,
692,Filip Chytil,18,C,NYR,8,1,2,3,-2,4,0.2,1,0,0,0,2,0,0,20,5.0,105,13:08,1,3,28,48,36.8
693,Carl Dahlstrom,23,D,CHI,11,0,3,3,-2,0,0.3,0,0,0,0,3,0,0,12,0.0,193,17:31,9,6,1,0,100.0
694,Marko Dano,23,C,WPG,23,2,1,3,-2,6,0.1,2,0,0,2,1,0,0,22,9.1,165,7:11,7,26,1,1,50.0
695,Mike Fisher,37,C,NSH,15,2,1,3,-2,8,0.1,2,0,0,1,1,0,0,12,16.7,184,12:18,14,24,99,72,57.9
696,Warren Foegele,21,LW,CAR,2,2,1,3,3,0,0.6,2,0,0,0,1,0,0,6,33.3,24,11:56,1,5,0,0,
697,Frederick Gaudreau,24,C,NSH,20,0,3,3,0,2,0.0,0,0,0,0,3,0,0,14,0.0,183,9:10,8,8,69,70,49.6
698,Kevin Gravel,25,D,LAK,16,0,3,3,-3,2,0.3,0,0,0,0,2,1,0,20,0.0,225,14:02,15,16,0,0,
699,A.J. Greer,21,LW,COL,17,0,3,3,2,29,0.2,0,0,0,0,3,0,0,13,0.0,126,7:24,5,30,1,2,33.3
700,Seth Griffith,25,C,BUF,21,2,1,3,-6,6,0.0,2,0,0,0,0,1,0,15,13.3,222,10:34,4,10,0,3,0.0
701,Rocco Grimaldi,24,C,COL,6,1,2,3,0,0,0.3,1,0,0,0,2,0,0,7,14.3,58,9:39,5,3,0,1,0.0
702,Joe Hicketts,21,D,DET,5,0,3,3,5,2,0.8,0,0,0,0,2,1,0,2,0.0,87,17:21,12,9,0,0,
703,Tomas Hyka,24,RW,VEG,10,1,2,3,2,0,0.3,1,0,0,0,1,1,0,15,6.7,121,12:03,3,6,0,0,
704,Andreas Johnsson,23,LW,TOR,9,2,1,3,-2,0,0.3,2,0,0,0,0,1,0,19,10.5,105,11:42,5,5,2,4,33.3
705,Noah Juulsen,20,D,MTL,22,1,2,3,2,4,1.0,1,0,0,0,2,0,0,31,3.2,429,19:29,33,55,0,0,
706,Tanner Kero,25,RW,CHI,8,1,2,3,1,0,0.3,1,0,0,0,2,0,0,7,14.3,92,11:26,7,3,35,41,46.1
707,Nikolai Kulemin,31,LW,NYI,13,1,2,3,0,0,0.1,1,0,0,0,2,0,0,7,14.3,155,11:56,15,16,4,6,40.0
708,Maxim Mamin,23,LW,FLA,24,2,1,3,2,7,0.2,2,0,0,0,1,0,0,24,8.3,255,10:38,8,50,0,1,0.0
709,Shawn Matthias,29,LW,WPG,27,1,2,3,-1,10,-0.2,1,0,0,0,2,0,0,26,3.8,302,11:10,14,22,12,16,42.9
710,Roland McKeown,22,D,CAR,9,0,3,3,3,19,0.7,0,0,0,0,3,0,0,7,0.0,117,13:01,5,2,0,0,
711,Adam McQuaid,31,D,BOS,36,1,2,3,-2,60,0.7,1,0,0,1,2,0,0,38,2.6,573,15:55,54,78,0,0,
712,Jonathon Merrill,25,D,VEG,33,1,2,3,8,22,1.4,1,0,0,1,2,0,0,29,3.4,529,16:01,40,35,0,0,
713,Marc Methot,32,D,DAL,35,1,2,3,10,29,1.8,1,0,0,0,2,0,0,25,4.0,626,17:53,50,76,0,0,
714,Andrei Mironov,23,D,COL,10,1,2,3,2,12,0.7,1,0,0,0,2,0,0,3,33.3,110,11:03,16,19,0,0,
715,Trevor Murphy,22,D,ARI,7,1,2,3,5,0,0.9,1,0,0,0,2,0,0,5,20.0,95,13:36,7,6,0,0,
716,Rob O'Gara,24,D,TOT,29,0,3,3,-6,6,0.3,0,0,0,0,3,0,0,21,0.0,448,15:26,42,39,0,0,
717,Iiro Pakarinen,26,RW,EDM,40,2,1,3,1,6,-0.2,2,0,0,0,1,0,0,50,4.0,408,10:12,17,72,1,5,16.7
718,Brandon Pirri,26,RW,VEG,2,3,0,3,3,0,0.7,3,0,0,0,0,0,0,11,27.3,35,17:37,0,2,1,1,50.0
719,Kyle Quincey,32,D,MIN,18,0,3,3,-4,28,0.2,0,0,0,0,3,0,0,11,0.0,257,14:17,18,21,0,0,
720,Alan Quine,24,C,NYI,21,0,3,3,-2,4,-0.2,0,0,0,0,3,0,0,15,0.0,246,11:44,9,32,40,63,38.8
721,Nick Seeler,24,D,MIN,21,0,3,3,9,21,1.3,0,0,0,0,3,0,0,14,0.0,297,14:09,24,18,0,0,
722,Dylan Sikura,22,RW,CHI,4,0,3,3,4,0,0.4,0,0,0,0,3,0,0,8,0.0,56,13:58,2,0,0,1,0.0
723,Daniel Sprong,20,RW,PIT,8,2,1,3,2,0,0.4,2,0,0,1,1,0,0,22,9.1,112,13:59,4,9,0,0,
724,Jordan Szwarz,26,RW,BOS,12,0,3,3,-4,2,-0.1,0,0,0,0,2,1,0,19,0.0,138,11:31,8,9,28,42,40.0
725,Kailer Yamamoto,19,RW,EDM,9,0,3,3,-2,2,0.0,0,0,0,0,2,1,0,23,0.0,136,15:10,3,6,0,1,0.0
726,Lias Andersson,19,C,NYR,6,1,1,2,1,0,0.2,1,0,0,0,1,0,0,3,33.3,68,11:23,3,8,15,22,40.5
727,Matt Bartkowski,29,D,CGY,17,0,2,2,-4,4,0.2,0,0,0,0,2,0,0,20,0.0,220,12:58,12,26,0,0,
728,Gabriel Carlsson,21,D,CBJ,14,0,2,2,0,4,0.3,0,0,0,0,2,0,0,18,0.0,159,11:20,10,10,0,0,
729,Peter Cehlarik,22,LW,BOS,6,1,1,2,2,2,0.2,1,0,0,0,1,0,0,3,33.3,84,13:56,3,3,2,2,50.0
730,Adam Clendening,25,D,ARI,5,0,2,2,-1,2,0.2,0,0,0,0,2,0,0,4,0.0,80,15:56,6,2,0,0,
731,Jason Dickinson,22,C,DAL,27,0,2,2,-2,17,-0.2,0,0,0,0,2,0,0,16,0.0,230,8:32,5,45,69,73,48.6
732,Gabriel Dumont,27,C,TOT,30,1,1,2,1,6,-0.1,1,0,0,0,1,0,0,38,2.6,271,9:03,16,62,41,62,39.8
733,Justin Falk,29,D,BUF,46,1,1,2,-16,28,0.1,1,0,0,0,0,0,1,36,2.8,740,16:05,62,121,0,0,
734,Josh Gorges,33,D,BUF,33,0,2,2,-5,15,0.5,0,0,0,0,2,0,0,14,0.0,493,14:56,51,67,0,0,
735,Eric Gryba,29,D,EDM,21,0,2,2,4,31,0.7,0,0,0,0,2,0,0,19,0.0,309,14:44,19,57,0,0,
736,Matthew Highmore,21,LW,CHI,13,2,0,2,-4,0,0.0,2,0,0,0,0,0,0,27,7.4,158,12:09,7,9,1,4,20.0
737,Justin Holl,26,D,TOR,2,2,0,2,5,0,0.8,2,0,0,1,0,0,0,2,100.0,35,17:22,3,2,0,0,
738,Chris Kelly,37,C,ANA,12,0,2,2,1,2,0.1,0,0,0,0,2,0,0,5,0.0,92,7:40,6,7,2,7,22.2
739,Kalle Kossila,24,LW,ANA,10,1,1,2,-4,0,0.0,1,0,0,0,1,0,0,9,11.1,91,9:05,4,7,26,27,49.1
740,Paul Martin,36,D,SJS,13,0,2,2,2,2,0.6,0,0,0,0,2,0,0,6,0.0,191,14:42,17,7,0,0,
741,Curtis McKenzie,26,LW,DAL,7,0,2,2,3,11,0.2,0,0,0,0,2,0,0,11,0.0,57,8:06,1,8,0,1,0.0
742,Nic Petan,22,LW,WPG,15,2,0,2,0,6,0.2,2,0,0,1,0,0,0,16,12.5,126,8:25,4,4,12,13,48.0
743,Tucker Poolman,24,D,WPG,23,1,1,2,2,0,0.6,1,0,0,0,1,0,0,27,3.7,284,12:22,18,20,0,0,
744,Shane Prince,25,LW,NYI,13,1,1,2,-3,11,-0.1,1,0,0,0,1,0,0,19,5.3,155,11:57,3,10,5,6,45.5
745,Ashton Sautner,23,D,VAN,5,0,2,2,4,2,0.6,0,0,0,0,2,0,0,3,0.0,67,13:22,5,9,0,0,
746,Jordan Schroeder,27,LW,CBJ,21,1,1,2,-4,4,-0.1,1,0,0,0,1,0,0,20,5.0,157,7:29,2,14,39,24,61.9
747,Duncan Siemens,24,D,COL,16,1,1,2,-5,23,0.1,1,0,0,0,1,0,0,14,7.1,197,12:19,21,22,0,0,
748,Nikita Soshnikov,24,RW,TOT,14,1,1,2,-1,4,0.0,1,0,0,0,1,0,0,17,5.9,155,11:06,2,23,0,1,0.0
749,Dominic Toninato,23,C,COL,37,0,2,2,0,12,-0.3,0,0,0,0,2,0,0,25,0.0,292,7:54,14,24,83,116,41.7
750,Andy Welinski,24,D,ANA,6,0,2,2,-1,0,0.2,0,0,0,0,2,0,0,5,0.0,99,16:33,6,2,0,0,
751,Christian Wolanin,22,D,OTT,9,1,1,2,-3,0,0.2,1,0,0,0,1,0,0,11,9.1,131,14:34,3,5,0,0,
752,Kenny Agostino,25,LW,BOS,5,0,1,1,-1,4,0.0,0,0,0,0,0,1,0,11,0.0,60,12:03,1,4,0,1,0.0
753,Chris Bigras,22,D,COL,15,0,1,1,-2,2,0.1,0,0,0,0,1,0,0,8,0.0,208,13:52,15,12,0,0,
754,Zach Bogosian,27,D,BUF,18,0,1,1,-9,20,-0.1,0,0,0,0,1,0,0,29,0.0,345,19:09,23,22,0,0,
755,Jared Boll,31,RW,ANA,10,1,0,1,0,16,0.1,1,0,0,0,0,0,0,4,25.0,44,4:26,0,9,0,0,
756,Travis Boyd,24,C,WSH,8,0,1,1,2,2,0.1,0,0,0,0,1,0,0,2,0.0,71,8:50,1,2,18,18,50.0
757,Daniel Brickley,22,D,LAK,1,0,1,1,1,0,0.2,0,0,0,0,1,0,0,0,,11,10:48,1,1,0,0,
758,Logan Brown,19,C,OTT,4,0,1,1,0,0,0.0,0,0,0,0,1,0,0,4,0.0,33,8:08,1,1,4,8,33.3
759,Erik Burgdoerfer,29,D,OTT,2,0,1,1,2,0,0.3,0,0,0,0,1,0,0,2,0.0,27,13:25,2,5,0,0,
760,Lawson Crouse,20,LW,ARI,11,1,0,1,-6,7,-0.2,1,0,0,0,0,0,0,13,7.7,120,10:56,6,29,3,8,27.3
761,Jean-Sebastien Dea,23,C,PIT,5,1,0,1,1,2,0.2,1,0,0,1,0,0,0,1,100.0,27,5:29,1,9,10,11,47.6
762,Patrick Eaves,33,RW,ANA,2,1,0,1,0,0,0.1,1,0,0,1,0,0,0,3,33.3,33,16:28,1,5,0,1,0.0
763,Victor Ejdsell,22,C,CHI,5,0,1,1,0,0,0.0,0,0,0,0,1,0,0,4,0.0,68,13:41,5,5,19,37,33.9
764,Taylor Fedun,29,D,BUF,7,0,1,1,-1,2,0.2,0,0,0,0,1,0,0,8,0.0,103,14:41,10,4,0,0,
765,Landon Ferraro,26,C,MIN,2,1,0,1,1,0,0.2,1,0,0,0,0,0,0,3,33.3,9,4:25,0,1,0,0,
766,Spencer Foo,23,RW,CGY,3,1,0,1,0,0,0.1,1,0,0,0,0,0,0,14,7.1,46,15:29,2,5,1,0,100.0
767,Jason Garrison,33,D,VEG,8,0,1,1,-2,4,0.1,0,0,0,0,1,0,0,7,0.0,153,19:04,23,7,0,0,
768,Frederik Gauthier,22,C,TOR,9,1,0,1,-4,0,-0.1,1,0,0,0,0,0,0,12,8.3,79,8:45,5,12,27,28,49.1
769,Henrik Haapala,23,LW,FLA,5,0,1,1,0,0,0.0,0,0,0,0,1,0,0,3,0.0,69,13:42,3,5,0,0,
770,Freddie Hamilton,26,C,TOT,16,0,1,1,0,2,-0.1,0,0,0,0,0,0,1,12,0.0,144,8:59,0,35,28,44,38.9
771,Ben Harpur,23,D,OTT,41,0,1,1,-21,21,-0.9,0,0,0,0,1,0,0,26,0.0,610,14:53,35,71,0,0,
772,Dillon Heatherington,22,D,DAL,5,0,1,1,3,26,0.4,0,0,0,0,1,0,0,5,0.0,59,11:47,0,7,0,0,
773,Blake Hillman,22,D,CHI,3,1,0,1,-1,0,0.2,0,0,1,0,0,0,0,4,25.0,52,17:22,6,5,0,0,
774,Dryden Hunt,22,LW,FLA,11,0,1,1,-5,2,-0.3,0,0,0,0,1,0,0,12,0.0,116,10:34,4,22,1,3,25.0
775,Steven Kampfer,29,D,NYR,22,0,1,1,-7,20,-0.1,0,0,0,0,1,0,0,31,0.0,380,17:15,41,46,0,0,
776,Brooks Laich,34,C,LAK,12,0,1,1,-5,6,-0.3,0,0,0,0,1,0,0,10,0.0,134,11:12,5,22,53,56,48.6
777,Nick Lappin,25,RW,NJD,6,1,0,1,2,4,0.2,1,0,0,0,0,0,0,7,14.3,59,9:46,2,8,0,0,
778,Brendan Lemieux,21,LW,WPG,9,1,0,1,2,21,0.2,1,0,0,0,0,0,0,6,16.7,71,7:56,1,12,0,0,
779,Brett Lernout,22,D,MTL,17,0,1,1,-5,6,0.0,0,0,0,0,0,0,1,13,0.0,282,16:34,16,52,0,0,
780,Mike Liambas,28,LW,ANA,7,0,1,1,0,21,0.0,0,0,0,0,1,0,0,3,0.0,37,5:17,1,15,0,2,0.0
781,Ryan Lomberg,23,LW,CGY,7,0,1,1,0,15,0.0,0,0,0,0,1,0,0,5,0.0,44,6:15,1,11,0,2,0.0
782,Andreas Martinsen,27,LW,CHI,8,1,0,1,-1,15,0.0,1,0,0,0,0,0,0,12,8.3,101,12:35,4,32,0,0,
783,Stefan Matteau,23,C,VEG,8,0,1,1,0,0,0.0,0,0,0,0,1,0,0,8,0.0,66,8:12,1,8,1,1,50.0
784,Jaycob Megna,25,D,ANA,14,0,1,1,-4,2,0.0,0,0,0,0,1,0,0,7,0.0,220,15:43,30,6,0,0,
785,Aaron Ness,27,D,WSH,8,0,1,1,2,8,0.3,0,0,0,0,1,0,0,2,0.0,102,12:44,8,1,0,0,
786,Sami Niku,21,D,WPG,1,1,0,1,0,0,0.2,1,0,0,0,0,0,0,2,50.0,15,15:13,3,0,0,0,
787,Alexander Nylander,19,RW,BUF,2,1,0,1,-3,0,0.1,1,0,0,0,0,0,0,1,100.0,23,11:26,0,0,0,0,
788,Jim O'Brien,29,C,OTT,10,0,1,1,-1,0,-0.1,0,0,0,0,1,0,0,11,0.0,88,8:45,5,10,27,37,42.2
789,Nick Paul,22,LW,OTT,11,1,0,1,-4,0,-0.1,1,0,0,0,0,0,0,11,9.1,87,7:54,4,16,1,3,25.0
790,Paul Postma,28,D,BOS,14,0,1,1,-2,2,0.1,0,0,0,0,1,0,0,14,0.0,143,10:14,10,13,0,0,
791,Kyle Rau,25,C,MIN,3,0,1,1,0,0,0.0,0,0,0,0,1,0,0,4,0.0,33,11:02,0,7,0,0,
792,Matt Read,31,RW,PHI,18,1,0,1,-2,2,-0.2,1,0,0,0,0,0,0,16,6.3,196,10:54,11,21,4,8,33.3
793,Calle Rosen,23,D,TOR,4,0,1,1,-3,4,-0.1,0,0,0,0,1,0,0,5,0.0,51,12:47,0,1,0,0,
794,Kerby Rychel,23,LW,MTL,3,1,0,1,-3,2,0.0,1,0,0,0,0,0,0,6,16.7,32,10:34,2,13,2,1,66.7
795,Jordan Schmaltz,24,D,STL,13,0,1,1,0,6,0.3,0,0,0,0,1,0,0,5,0.0,143,10:58,12,4,0,0,
796,Vadim Shipachyov,30,LW,VEG,3,1,0,1,3,2,0.3,1,0,0,1,0,0,0,3,33.3,32,10:35,0,1,12,9,57.1
797,Patrick Sieloff,23,D,OTT,1,1,0,1,-2,0,0.1,1,0,0,0,0,0,0,3,33.3,11,11:11,1,1,0,0,
798,Owen Tippett,18,RW,FLA,7,1,0,1,-6,0,-0.2,1,0,0,0,0,0,0,17,5.9,78,11:07,4,3,0,2,0.0
799,Nathan Walker,23,LW,TOT,9,1,0,1,0,6,0.1,1,0,0,0,0,0,0,6,16.7,85,9:27,1,18,0,0,
800,Lucas Wallmark,22,C,CAR,11,1,0,1,-4,2,-0.1,1,0,0,0,0,0,0,16,6.3,104,9:30,1,13,38,31,55.1
801,Mark Alt,26,D,TOT,14,0,0,0,-1,2,0.1,0,0,0,0,0,0,0,10,0.0,179,12:46,18,16,0,0,
802,Rasmus Andersson,21,D,CGY,9,0,0,0,-2,4,0.0,0,0,0,0,0,0,0,7,0.0,134,14:53,7,2,0,0,
803,Justin Auger,23,RW,LAK,2,0,0,0,-1,0,-0.1,0,0,0,0,0,0,0,1,0.0,16,8:00,2,2,0,0,
804,Chase Balisy,25,C,FLA,8,0,0,0,-2,0,-0.2,0,0,0,0,0,0,0,6,0.0,79,9:49,2,4,11,19,36.7
805,Matt Beleskey,29,LW,BOS,14,0,0,0,-8,17,-0.6,0,0,0,0,0,0,0,17,0.0,152,10:51,4,27,2,5,28.6
806,Beau Bennett,26,RW,STL,6,0,0,0,-2,0,-0.2,0,0,0,0,0,0,0,6,0.0,65,10:48,1,9,1,2,33.3
807,Steve Bernier,32,RW,NYI,4,0,0,0,-2,0,-0.2,0,0,0,0,0,0,0,4,0.0,40,10:03,1,11,2,2,50.0
808,Christoph Bertschy,23,C,MIN,1,0,0,0,1,4,0.0,0,0,0,0,0,0,0,0,,5,5:23,0,0,0,0,
809,Joseph Blandisi,23,LW,ANA,3,0,0,0,2,2,0.0,0,0,0,0,0,0,0,4,0.0,35,11:41,2,2,0,0,
810,Anton Blidh,22,LW,BOS,1,0,0,0,0,0,0.0,0,0,0,0,0,0,0,0,,10,10:23,0,3,0,0,
811,Mike Blunden,31,RW,OTT,1,0,0,0,0,0,0.0,0,0,0,0,0,0,0,1,0.0,7,6:31,0,6,0,0,
812,Henrik Borgstrm,20,C,FLA,2,0,0,0,-1,0,-0.1,0,0,0,0,0,0,0,3,0.0,27,13:15,0,1,6,9,40.0
813,Michael Bournival,25,LW,TBL,5,0,0,0,0,0,-0.1,0,0,0,0,0,0,0,5,0.0,47,9:21,5,8,0,0,
814,Alex Broadhurst,24,C,CBJ,1,0,0,0,0,2,0.0,0,0,0,0,0,0,0,0,,5,5:18,0,0,0,0,
815,Chris Butler,31,D,STL,5,0,0,0,1,2,0.1,0,0,0,0,0,0,0,2,0.0,67,13:21,3,2,0,0,
816,Kyle Capobianco,20,D,ARI,1,0,0,0,-1,0,-0.1,0,0,0,0,0,0,0,0,,14,13:33,1,3,0,0,
817,Trevor Carrick,23,D,CAR,1,0,0,0,0,2,0.0,0,0,0,0,0,0,0,1,0.0,8,7:32,0,0,0,0,
818,Daniel Catenacci,24,C,NYR,1,0,0,0,-1,0,-0.1,0,0,0,0,0,0,0,1,0.0,11,11:03,1,1,0,0,
819,Colby Cave,23,C,BOS,3,0,0,0,0,2,-0.1,0,0,0,0,0,0,0,2,0.0,34,11:27,2,3,10,14,41.7
820,Michael Chaput,25,C,VAN,9,0,0,0,-4,5,-0.3,0,0,0,0,0,0,0,2,0.0,88,9:47,2,16,43,31,58.1
821,Frank Corrado,24,D,PIT,5,0,0,0,-1,2,0.0,0,0,0,0,0,0,0,6,0.0,58,11:30,6,5,0,0,
822,Adam Cracknell,32,RW,TOT,5,0,0,0,-1,0,-0.1,0,0,0,0,0,0,0,6,0.0,39,7:43,1,12,3,3,50.0
823,Andrew Crescenzi,25,C,LAK,2,0,0,0,0,2,0.0,0,0,0,0,0,0,0,0,,16,7:52,0,4,8,8,50.0
824,Kyle Criscuolo,25,C,BUF,9,0,0,0,-4,4,-0.3,0,0,0,0,0,0,0,5,0.0,72,8:01,3,13,19,22,46.3
825,Michael Dal Colle,21,LW,NYI,4,0,0,0,0,0,-0.1,0,0,0,0,0,0,0,1,0.0,53,13:21,1,1,0,0,
826,Zac Dalpe,28,C,CBJ,12,0,0,0,-3,13,-0.3,0,0,0,0,0,0,0,18,0.0,89,7:27,4,6,7,17,29.2
827,Laurent Dauphin,22,C,ARI,2,0,0,0,-1,2,-0.1,0,0,0,0,0,0,0,1,0.0,14,7:14,2,1,5,4,55.6
828,Hudson Fasching,22,RW,BUF,5,0,0,0,-1,2,-0.1,0,0,0,0,0,0,0,1,0.0,49,9:42,2,7,0,0,
829,Giovanni Fiore,21,LW,ANA,1,0,0,0,-1,0,-0.1,0,0,0,0,0,0,0,0,,8,7:53,0,0,0,0,
830,Alex Formenton,18,LW,OTT,1,0,0,0,0,0,0.0,0,0,0,0,0,0,0,0,,5,4:54,1,1,0,0,
831,Dylan Gambrell,21,C,SJS,2,0,0,0,-1,0,-0.1,0,0,0,0,0,0,0,1,0.0,19,9:36,0,0,5,7,41.7
832,Adam Gaudette,21,C,VAN,4,0,0,0,1,0,0.0,0,0,0,0,0,0,0,6,0.0,51,12:51,2,2,5,9,35.7
833,Nathan Gerbe,30,LW,CBJ,2,0,0,0,-1,0,-0.1,0,0,0,0,0,0,0,1,0.0,17,8:36,0,4,0,0,
834,Shane Gersich,21,LW,WSH,2,0,0,0,-1,0,-0.1,0,0,0,0,0,0,0,4,0.0,19,9:28,0,0,0,0,
835,Tanner Glass,34,LW,CGY,16,0,0,0,-4,19,-0.4,0,0,0,0,0,0,0,14,0.0,150,9:23,7,35,2,4,33.3
836,Tyrell Goulbourne,24,LW,PHI,9,0,0,0,-2,2,-0.2,0,0,0,0,0,0,0,2,0.0,50,5:35,2,15,0,0,
837,Tyler Graovac,24,C,WSH,5,0,0,0,-3,2,-0.2,0,0,0,0,0,0,0,1,0.0,34,6:44,1,5,1,2,33.3
838,Jordan Greenway,20,LW,MIN,5,0,0,0,-2,0,-0.2,0,0,0,0,0,0,0,3,0.0,55,10:57,3,5,0,5,0.0
839,Joel Hanley,26,D,ARI,4,0,0,0,1,0,0.1,0,0,0,0,0,0,0,1,0.0,43,10:45,4,0,0,0,
840,Ales Hemsky,34,RW,MTL,7,0,0,0,-1,10,-0.1,0,0,0,0,0,0,0,5,0.0,69,9:55,2,0,0,1,0.0
841,Philip Holm,26,D,VAN,1,0,0,0,-2,0,-0.1,0,0,0,0,0,0,0,0,,15,15:12,0,1,0,0,
842,Korbinian Holzer,29,D,ANA,16,0,0,0,-3,6,-0.1,0,0,0,0,0,0,0,10,0.0,186,11:37,14,22,0,0,
843,Marek Hrivik,26,LW,CGY,3,0,0,0,1,0,0.0,0,0,0,0,0,0,0,2,0.0,26,8:30,1,4,0,1,0.0
844,Christian Jaros,21,D,OTT,2,0,0,0,0,0,0.0,0,0,0,0,0,0,0,0,,16,7:58,0,4,0,0,
845,Vladislav Kamenev,21,C,COL,3,0,0,0,-2,0,-0.1,0,0,0,0,0,0,0,1,0.0,26,8:49,0,3,7,11,38.9
846,Nicolas Kerdiles,24,LW,ANA,2,0,0,0,0,0,0.0,0,0,0,0,0,0,0,0,,8,3:45,0,1,0,1,0.0
847,Morgan Klimchuk,22,LW,CGY,1,0,0,0,0,0,0.0,0,0,0,0,0,0,0,0,,7,7:25,0,1,0,0,
848,Justin Kloos,24,C,MIN,1,0,0,0,0,2,0.0,0,0,0,0,0,0,0,0,,9,8:39,0,0,0,0,
849,Janne Kuokkanen,19,C,CAR,4,0,0,0,-3,0,-0.2,0,0,0,0,0,0,0,6,0.0,44,11:04,1,1,0,0,
850,Brian Lashoff,27,D,DET,1,0,0,0,0,0,0.0,0,0,0,0,0,0,0,0,,4,4:02,,0,,,
851,Keegan Lowe,24,D,EDM,1,0,0,0,-1,0,-0.1,0,0,0,0,0,0,0,3,0.0,13,13:01,1,0,0,0,
852,Brad Malone,28,C,EDM,7,0,0,0,0,6,-0.1,0,0,0,0,0,0,0,9,0.0,56,7:59,3,19,21,10,67.7
853,Andrew Mangiapane,21,LW,CGY,10,0,0,0,-3,2,-0.3,0,0,0,0,0,0,0,7,0.0,89,8:56,4,9,1,0,100.0
854,Martin Marincin,25,D,TOR,2,0,0,0,-2,2,-0.1,0,0,0,0,0,0,0,0,,33,16:41,4,1,0,0,
855,Danick Martel,23,LW,PHI,4,0,0,0,-1,0,-0.1,0,0,0,0,0,0,0,6,0.0,41,10:13,9,2,0,0,
856,Michael McCarron,22,RW,MTL,17,0,0,0,-2,28,-0.3,0,0,0,0,0,0,0,13,0.0,147,8:39,11,59,56,61,47.9
857,Wade Megan,27,C,STL,1,0,0,0,0,0,0.0,0,0,0,0,0,0,0,1,0.0,8,8:21,0,0,1,1,50.0
858,Jayson Megna,27,C,VAN,1,0,0,0,0,0,0.0,0,0,0,0,0,0,0,0,,4,4:18,0,0,0,2,0.0
859,Nicholas Merkley,20,RW,ARI,1,0,0,0,0,2,0.0,0,0,0,0,0,0,0,0,,14,13:30,0,0,0,0,
860,Dakota Mermis,24,D,ARI,8,0,0,0,-2,0,0.0,0,0,0,0,0,0,0,7,0.0,86,10:46,5,4,0,0,
861,Samuel Morin,22,D,PHI,2,0,0,0,1,4,0.1,0,0,0,0,0,0,0,1,0.0,32,15:49,1,7,0,0,
862,Matt Moulson,34,LW,BUF,14,0,0,0,-9,2,-0.5,0,0,0,0,0,0,0,13,0.0,144,10:17,8,8,0,0,
863,Martin Necas,19,C,CAR,1,0,0,0,0,0,0.0,0,0,0,0,0,0,0,0,,7,6:54,0,0,0,4,0.0
864,Liam O'Brien,23,C,WSH,3,0,0,0,0,5,0.0,0,0,0,0,0,0,0,1,0.0,21,6:55,0,4,0,2,0.0
865,Will O'Neill,29,D,PHI,1,0,0,0,0,0,0.0,0,0,0,0,0,0,0,3,0.0,9,9:25,0,0,0,0,
866,Cal O'Reilly,31,C,MIN,1,0,0,0,0,0,0.0,0,0,0,0,0,0,0,1,0.0,8,8:16,1,0,2,3,40.0
867,Anthony Peluso,28,RW,WSH,2,0,0,0,0,4,0.0,0,0,0,0,0,0,0,0,,9,4:39,0,4,0,0,
868,Blake Pietila,24,LW,NJD,2,0,0,0,0,0,0.0,0,0,0,0,0,0,0,1,0.0,19,9:28,0,5,0,0,
869,Dalton Prout,27,D,NJD,4,0,0,0,-2,13,-0.1,0,0,0,0,0,0,0,5,0.0,56,13:59,3,7,0,0,
870,John Quenneville,21,C,NJD,2,0,0,0,-3,0,-0.2,0,0,0,0,0,0,0,5,0.0,27,13:18,0,4,0,1,0.0
871,Zach Redmond,29,D,BUF,3,0,0,0,1,2,0.1,0,0,0,0,0,0,0,7,0.0,43,14:29,2,4,0,0,
872,Mitch Reinke,21,D,STL,1,0,0,0,0,0,0.0,0,0,0,0,0,0,0,1,0.0,13,13:05,2,0,0,0,
873,Jack Rodewald,23,RW,OTT,4,0,0,0,-1,2,-0.1,0,0,0,0,0,0,0,0,,29,7:18,2,5,0,2,0.0
874,Kevin Rooney,24,C,NJD,1,0,0,0,0,0,0.0,0,0,0,0,0,0,0,3,0.0,12,11:46,0,2,1,2,33.3
875,Ben Sexton,26,C,OTT,2,0,0,0,-1,0,-0.1,0,0,0,0,0,0,0,1,0.0,21,10:17,0,6,3,2,60.0
876,Carson Soucy,23,D,MIN,3,0,0,0,-2,2,-0.1,0,0,0,0,0,0,0,4,0.0,45,14:51,3,4,0,0,
877,Mark Streit,40,D,MTL,2,0,0,0,-2,0,-0.1,0,0,0,0,0,0,0,3,0.0,28,14:13,0,2,0,0,
878,Matt Tennyson,27,D,BUF,15,0,0,0,-8,8,-0.2,0,0,0,0,0,0,0,25,0.0,270,17:58,11,13,0,0,
879,Troy Terry,20,RW,ANA,1,0,0,0,0,0,0.0,0,0,0,0,0,0,0,2,0.0,13,12:30,1,0,0,0,
880,Eeli Tolvanen,18,RW,NSH,3,0,0,0,0,0,-0.1,0,0,0,0,0,0,0,3,0.0,36,12:07,1,2,0,0,
881,Zach Trotman,27,D,PIT,3,0,0,0,-3,0,-0.2,0,0,0,0,0,0,0,6,0.0,38,12:47,2,1,0,0,
882,Dominic Turgeon,21,C,DET,5,0,0,0,-2,2,-0.2,0,0,0,0,0,0,0,3,0.0,46,9:14,8,3,7,14,33.3
883,Rinat Valiev,22,D,MTL,2,0,0,0,0,2,0.0,0,0,0,0,0,0,0,2,0.0,24,11:49,2,0,0,0,
884,Curtis Valk,24,LW,FLA,1,0,0,0,0,0,0.0,0,0,0,0,0,0,0,0,,3,3:25,0,1,0,3,0.0
885,Zach Whitecloud,21,D,VEG,1,0,0,0,3,0,0.2,0,0,0,0,0,0,0,0,,17,16:42,1,0,0,0,